SHA256	SIZE_BYTES	CATEGORY	SUBTYPE	EXTENSION	ROBUST_PE	ARCH	PE_DLL_FLAG	PE_SECTIONS	SECTION_NAMES	PACKAGE_PATH
a9a99a2b847e46c0efce7fcfefd27f4bce58baf9207277c17bffd09ef4d274e5	65304	PYD	PYTHON_EXTENSION_x64	.pyd	YES	x64	YES	6	.text,.rdata,.data,.pdata,.rsrc,.reloc	TLMTool_2.1.2/TLMTool.dist/_asyncio.pyd
15265d9fe191f377e10dfb282a787c8c072b159bc237f9d13d9e31ee609206a8	856576	PYD	PYTHON_EXTENSION_x64	.pyd	YES	x64	YES	6	.text,.rdata,.data,.pdata,.rsrc,.reloc	TLMTool_2.1.2/TLMTool.dist/_brotli.pyd
62173a8fadd4bf4dd71ab89ea718754aa31620244372f0c5bbbae102e641a60e	83736	PYD	PYTHON_EXTENSION_x64	.pyd	YES	x64	YES	6	.text,.rdata,.data,.pdata,.rsrc,.reloc	TLMTool_2.1.2/TLMTool.dist/_bz2.pyd
ecdfb16024e62535537364276bf5028fd0562ca065862518dab7b569b6c220a7	179712	PYD	PYTHON_EXTENSION_x64	.pyd	YES	x64	YES	6	.text,.rdata,.data,.pdata,.rsrc,.reloc	TLMTool_2.1.2/TLMTool.dist/_cffi_backend.pyd
1ea3dd3df393fa9b27bf6595be4ac859064cd8ef9908a12378a6021bba1cb177	123672	PYD	PYTHON_EXTENSION_x64	.pyd	YES	x64	YES	6	.text,.rdata,.data,.pdata,.rsrc,.reloc	TLMTool_2.1.2/TLMTool.dist/_ctypes.pyd
9aac010a424c757c434c460c3c0a6515d7720966ab64bad667539282a17b4133	254744	PYD	PYTHON_EXTENSION_x64	.pyd	YES	x64	YES	6	.text,.rdata,.data,.pdata,.rsrc,.reloc	TLMTool_2.1.2/TLMTool.dist/_decimal.pyd
caa4d2f8795e9a55e128409cc016e2cc5c694cb026d7058fc561e4dd131ed1c9	64792	PYD	PYTHON_EXTENSION_x64	.pyd	YES	x64	YES	6	.text,.rdata,.data,.pdata,.rsrc,.reloc	TLMTool_2.1.2/TLMTool.dist/_hashlib.pyd
60793c8592193cfbd00fd3e5263be4315d650ba4f9e4fda9c45a10642fd998be	158488	PYD	PYTHON_EXTENSION_x64	.pyd	YES	x64	YES	6	.text,.rdata,.data,.pdata,.rsrc,.reloc	TLMTool_2.1.2/TLMTool.dist/_lzma.pyd
7581edea33c1db0a49b8361e51e6291688601640e57d75909fb2007b2104fa4c	34584	PYD	PYTHON_EXTENSION_x64	.pyd	YES	x64	YES	6	.text,.rdata,.data,.pdata,.rsrc,.reloc	TLMTool_2.1.2/TLMTool.dist/_multiprocessing.pyd
2ebbb0583259528a5178dd37439a64affcb1ab28cf323c6dc36a8c30362aa992	49944	PYD	PYTHON_EXTENSION_x64	.pyd	YES	x64	YES	6	.text,.rdata,.data,.pdata,.rsrc,.reloc	TLMTool_2.1.2/TLMTool.dist/_overlapped.pyd
925f05255f4aae0997dc4ec94d900fd15950fd840685d5b8aa755427c7422b14	31512	PYD	PYTHON_EXTENSION_x64	.pyd	YES	x64	YES	6	.text,.rdata,.data,.pdata,.rsrc,.reloc	TLMTool_2.1.2/TLMTool.dist/_queue.pyd
e6deb751039cd5424a139708475ce83f9c042d43e650765a716cb4a924b07e4f	79128	PYD	PYTHON_EXTENSION_x64	.pyd	YES	x64	YES	6	.text,.rdata,.data,.pdata,.rsrc,.reloc	TLMTool_2.1.2/TLMTool.dist/_socket.pyd
d2a7999e234e33828888ad455baa6ab101d90323579abc1095b8c42f0f723b6f	160536	PYD	PYTHON_EXTENSION_x64	.pyd	YES	x64	YES	6	.text,.rdata,.data,.pdata,.rsrc,.reloc	TLMTool_2.1.2/TLMTool.dist/_ssl.pyd
06b96357f5dd83d0d8105127e7aaeacb834ddf1ae03fa46aaffdc1e5fd0a7621	65816	PYD	PYTHON_EXTENSION_x64	.pyd	YES	x64	YES	6	.text,.rdata,.data,.pdata,.rsrc,.reloc	TLMTool_2.1.2/TLMTool.dist/_tkinter.pyd
990586f2a2ba00d48b59bdd03d3c223b8e9fb7d7fab6d414bac2833eb1241ca2	25368	PYD	PYTHON_EXTENSION_x64	.pyd	YES	x64	YES	6	.text,.rdata,.data,.pdata,.rsrc,.reloc	TLMTool_2.1.2/TLMTool.dist/_uuid.pyd
42c96ffe01718c9d73236040dc6c960964d79461918b53a7a1db9295beb1654c	1410560	EXE	PE_EXECUTABLE_x64	.exe	YES	x64	NO	7	.text,.rdata,.data,.pdata,text,data,.rsrc	TLMTool_2.1.2/TLMTool.dist/bootstrap.exe
bbc7e9c01d7551bb8a159b5dedd989b8ee3ce105aff522b68eb1b01bf854cab0	234354	RESOURCE	CERTIFICATE_BUNDLE	.pem	NO					TLMTool_2.1.2/TLMTool.dist/certifi/cacert.pem
5dcf6f68a98884fea423ec83e897d7deb5de2a43323c7eb1a2232c0c82ae64dd	9793536	PYD	PYTHON_EXTENSION_x64	.pyd	YES	x64	YES	5	.text,.rdata,.data,.pdata,.reloc	TLMTool_2.1.2/TLMTool.dist/cryptography/hazmat/bindings/_rust.pyd
a637f140352e0db04999e80c07149f438a8457c64aed732d281055d77a95fa9a	74752	DATA	MZ_PE_LIKE_STRUCTURALLY_INVALID	.dat	NO					TLMTool_2.1.2/TLMTool.dist/data/accounts.dat
ae5419d464c3dde57672130ea35a68013c29e87052a2ec29c34e3d46737eaf03	63488	DATA	MZ_PE_LIKE_STRUCTURALLY_INVALID	.dat	NO					TLMTool_2.1.2/TLMTool.dist/data/app_state.dat
2c9639d09c87f51f359ca1b44c4ef2b748945ff085c829c43434aa35b5c167d7	120832	DATA	MZ_PE_LIKE_STRUCTURALLY_INVALID	.dat	NO					TLMTool_2.1.2/TLMTool.dist/data/auth_token.dat
17f6daf02916e42b562e09a41afdf6affbdad8129c3f3bd25b92f80e9d259500	15741058	DATA	TEXT_DATA_OR_LOG	.txt	NO					TLMTool_2.1.2/TLMTool.dist/data/automove_log.txt
cdd1f02b0e6acb5a0457dc9dcfdb3131e53a7569b9a09ec4d308362b625ce82c	88064	DATA	MZ_PE_LIKE_STRUCTURALLY_INVALID	.dat	NO					TLMTool_2.1.2/TLMTool.dist/data/cache.dat
07ecb19cf1143fec694c7e06a9db3a9d5727c64e6ac8b49b9396e42fe558ad8a	52224	DATA	MZ_PE_LIKE_STRUCTURALLY_INVALID	.dat	NO					TLMTool_2.1.2/TLMTool.dist/data/config.dat
5cff44b82a4a92ad57c27ae5d42b44684008a37af3f55dd9a97a12966185c9b6	128000	DATA	MZ_PE_LIKE_STRUCTURALLY_INVALID	.dat	NO					TLMTool_2.1.2/TLMTool.dist/data/license.dat
75268fcf20c42d8b7e1ba71bf823e19545bf790115e3d71cae1ffd1cc87e94f5	102400	DATA	MZ_PE_LIKE_STRUCTURALLY_INVALID	.dat	NO					TLMTool_2.1.2/TLMTool.dist/data/logs.dat
b7eaad4ba8dff4cf24031597aa47ea135b01c422584ae28cf87f1e94010c705e	79872	DATA	MZ_PE_LIKE_STRUCTURALLY_INVALID	.dat	NO					TLMTool_2.1.2/TLMTool.dist/data/manifest.dat
4fb5675635e67e583f32de971c02208c57c167e2d6efd0dc891be571fffce698	80896	DATA	MZ_PE_LIKE_STRUCTURALLY_INVALID	.dat	NO					TLMTool_2.1.2/TLMTool.dist/data/package.dat
1375240c85abb9c211c66d3e8157a6dbfbc5551aabec465375b68e5301e645d4	39424	DATA	PE_DLL_X64_UPX_CONTAINER	.dat	YES	x64	YES	3	UPX0,UPX1,UPX2	TLMTool_2.1.2/TLMTool.dist/data/resources.dat
e301c0851aa28e79e561c85d02342c2ff3332daf15e521bc84f01544aa942efd	32768	DATA	PE_DLL_X64_UPX_CONTAINER	.bak-20260923	YES	x64	YES	3	UPX0,UPX1,UPX2	TLMTool_2.1.2/TLMTool.dist/data/resources.dat.bak-20260923
b9347a8369099bc009adb87053ebc94bcf9ebe326330ad3b45dfea327542604c	23040	DATA	PE_DLL_X64_UPX_CONTAINER	.old	YES	x64	YES	3	UPX0,UPX1,UPX2	TLMTool_2.1.2/TLMTool.dist/data/resources.dat.old
e301c0851aa28e79e561c85d02342c2ff3332daf15e521bc84f01544aa942efd	32768	DATA	PE_DLL_X64_UPX_CONTAINER	.old-locked	YES	x64	YES	3	UPX0,UPX1,UPX2	TLMTool_2.1.2/TLMTool.dist/data/resources.dat.old-locked
712ac58d052bc4673765149ceca6556c01ea559a9d6e80bf1564d425d8632883	38912	DATA	PE_DLL_X64_UPX_CONTAINER	.dat	YES	x64	YES	3	UPX0,UPX1,UPX2	TLMTool_2.1.2/TLMTool.dist/data/resources.old2.dat
a4d0d01652f5d545fdedc458f4a19028e260cb230d9d51d619a2d3d40f801961	38912	DATA	PE_DLL_X64_UPX_CONTAINER	.dat	YES	x64	YES	3	UPX0,UPX1,UPX2	TLMTool_2.1.2/TLMTool.dist/data/resources.old3.dat
ef0ec56174e7b40ee821d8aecbb1ab4f23466fe3f3963910e5160f66b53a3ff6	51200	DATA	MZ_PE_LIKE_STRUCTURALLY_INVALID	.dat	NO					TLMTool_2.1.2/TLMTool.dist/data/sec_key.dat
d4b4fea616103ad5b1fd0a9e53de400fcec54d06bde1a46a8b7f9c13830df9e0	64512	DATA	MZ_PE_LIKE_STRUCTURALLY_INVALID	.dat	NO					TLMTool_2.1.2/TLMTool.dist/data/session.dat
f535e4ce47ecfa5715ea0ba074aad224989bfc8b0a005e8f73ff9b5ee14cf5f5	93184	DATA	MZ_PE_LIKE_STRUCTURALLY_INVALID	.dat	NO					TLMTool_2.1.2/TLMTool.dist/data/settings.dat
443635be206aaaddb68107b416ff3387f4b1aa7e2d438d2f6119c2fd2772a805	57344	DATA	MZ_PE_LIKE_STRUCTURALLY_INVALID	.dat	NO					TLMTool_2.1.2/TLMTool.dist/data/signature.dat
1b12ec363af53372ac0289cecc710e56487c254d46e539b2668ba5867d4156c5	115712	DATA	MZ_PE_LIKE_STRUCTURALLY_INVALID	.dat	NO					TLMTool_2.1.2/TLMTool.dist/data/user_profile.dat
384ccee9a2ddf236db377fca3abd36cbc17df81a94a286551a749a3132d02db1	5368	RESOURCE	JAVASCRIPT_HELPER	.js	NO					TLMTool_2.1.2/TLMTool.dist/emu_client.js
7ef5dfa5026b2269bb579954bad29908a0de107fb1288f6c9d4e2325245c847d	3747328	EXE	PE_EXECUTABLE_x64	.exe	YES	x64	NO	11	.text,.data,.rdata,.eh_fram,.pdata,.xdata,.bss,.idata,.tls,.rsrc,.reloc	TLMTool_2.1.2/TLMTool.dist/forwarder.exe
08f9666359442d82542080b62c3e2de41b89d35b9bf5dbfc71099ff9928555ab	132959232	PYD	PYTHON_EXTENSION_x64	.pyd	YES	x64	YES	17	.text,.rdata,.data,.pdata,.ctors,.fptable,.debug_i,.debug_a,.debug_l,.debug_a,.debug_l,.debug_s,.debug_l,.debug_f,.debug_r,.debug_a,.reloc	TLMTool_2.1.2/TLMTool.dist/frida/_frida.pyd
1b40080074f72d24417ee1f53343f9450eedb2cca0d73ef29c2c31e52a56bdb5	190982	RESOURCE	IMAGE_RESOURCE	.ico	NO					TLMTool_2.1.2/TLMTool.dist/icon.ico
3bd84a2b433ee679b7a049f5aa5cba2e8725d1e09b14d5deb3f42b6bf919edfb	56174	RESOURCE	JAVASCRIPT_HELPER	.js	NO					TLMTool_2.1.2/TLMTool.dist/ld_remote.js
9b7b4a0ad212095a8c2e35c71694d8a1764cd72a829e8e17c8afe3a55f147939	3450648	DLL	PE_DLL_x64	.dll	YES	x64	YES	8	.text,.rdata,.data,.pdata,.idata,.00cfg,.rsrc,.reloc	TLMTool_2.1.2/TLMTool.dist/libcrypto-1_1.dll
f60dd9f2fcbd495674dfc1555effb710eb081fc7d4cae5fa58c438ab50405081	32792	DLL	PE_DLL_x64	.dll	YES	x64	YES	5	.text,.rdata,.data,.pdata,.reloc	TLMTool_2.1.2/TLMTool.dist/libffi-7.dll
d74ce01319ae6f54483a19375524aa39d9f5fd91f06cf7df238ca25e043130fd	704792	DLL	PE_DLL_x64	.dll	YES	x64	YES	8	.text,.rdata,.data,.pdata,.idata,.00cfg,.rsrc,.reloc	TLMTool_2.1.2/TLMTool.dist/libssl-1_1.dll
df0c617422668f1b1b5eece35a0689183942402a16632689d60c3d6488679bc8	7893504	PYD	PYTHON_EXTENSION_x64	.pyd	YES	x64	YES	6	.text,.rdata,.data,.pdata,.rsrc,.reloc	TLMTool_2.1.2/TLMTool.dist/PIL/_avif.pyd
16a7c881fd3624c8428078ce24460861e91fc5cc43de1b3614dc2531fe327e2e	2632192	PYD	PYTHON_EXTENSION_x64	.pyd	YES	x64	YES	6	.text,.rdata,.data,.pdata,.rsrc,.reloc	TLMTool_2.1.2/TLMTool.dist/PIL/_imaging.pyd
c92c55b43a774b8787a040afdd70c1c086daad5780c73efb35b029c219a03d5f	273408	PYD	PYTHON_EXTENSION_x64	.pyd	YES	x64	YES	6	.text,.rdata,.data,.pdata,.rsrc,.reloc	TLMTool_2.1.2/TLMTool.dist/PIL/_imagingcms.pyd
2c5951d8d3d6f2640545afcdd059f21f65e8571e24789f76790c18d501bf505c	2173952	PYD	PYTHON_EXTENSION_x64	.pyd	YES	x64	YES	6	.text,.rdata,.data,.pdata,.rsrc,.reloc	TLMTool_2.1.2/TLMTool.dist/PIL/_imagingft.pyd
91dbb83922daaa0a601b8a8282be60ebf7633a5b743565c3b579fcafda9b9094	21504	PYD	PYTHON_EXTENSION_x64	.pyd	YES	x64	YES	6	.text,.rdata,.data,.pdata,.rsrc,.reloc	TLMTool_2.1.2/TLMTool.dist/PIL/_imagingmath.pyd
832f6a7f22092fdc7962842170ebadd6ab844dc1f7b4d5582cdf547217ab00be	14848	PYD	PYTHON_EXTENSION_x64	.pyd	YES	x64	YES	6	.text,.rdata,.data,.pdata,.rsrc,.reloc	TLMTool_2.1.2/TLMTool.dist/PIL/_imagingtk.pyd
b2b263bd00abe0c1c120efca36f8050c161ce6dbbdb20bf940cc874cae01bac2	416256	PYD	PYTHON_EXTENSION_x64	.pyd	YES	x64	YES	6	.text,.rdata,.data,.pdata,.rsrc,.reloc	TLMTool_2.1.2/TLMTool.dist/PIL/_webp.pyd
3ea14cebf180045195de8cb0c5967166919a6958ef3207a2e2f2b39af6024e96	1348	RESOURCE	XML_CONFIG_RESOURCE	.ppx	NO					TLMTool_2.1.2/TLMTool.dist/ppx/Default.ppx
db20473361892bef8a3516b7017ea414790edd12ba2ef1b41a7350375c31b4c4	5498000	EXE	PE_EXECUTABLE_x86	.exe	YES	x86	NO	10	.text,.itext,.data,.bss,.idata,.didata,.edata,.tls,.rdata,.rsrc	TLMTool_2.1.2/TLMTool.dist/ppx/ProxifierSetup.exe
424e16baba37292d641bb234905b3cb53ae74378a980a1f053aa9abbb8181c34	3805	DATA	TEXT_DATA_OR_LOG	.txt	NO					TLMTool_2.1.2/TLMTool.dist/proxy_working.txt
0035450801bd7d938e9e146c5ec28e619cb5a5f4a18cdc53ac7e9734c7f94f78	70656	PYD	PYTHON_EXTENSION_x64	.pyd	YES	x64	YES	6	.text,.rdata,.data,.pdata,.rsrc,.reloc	TLMTool_2.1.2/TLMTool.dist/psutil/_psutil_windows.pyd
4a2d59993bce76790c6d923af81bf404f8e2cb73552e320113663b14cf78748c	198936	PYD	PYTHON_EXTENSION_x64	.pyd	YES	x64	YES	6	.text,.rdata,.data,.pdata,.rsrc,.reloc	TLMTool_2.1.2/TLMTool.dist/pyexpat.pyd
dc909eb798a23ba8ee9f8e3f307d97755bc0d2dc0cb342cedae81fbbad32a8a9	66328	DLL	PE_DLL_x64	.dll	YES	x64	YES	2	.rdata,.rsrc	TLMTool_2.1.2/TLMTool.dist/python3.dll
14b06796f288bc6599e458fb23a944ab0c843e9868058f02a91d4606533505ed	4458776	DLL	PE_DLL_x64	.dll	YES	x64	YES	7	.text,.rdata,.data,.pdata,PyRuntim,.rsrc,.reloc	TLMTool_2.1.2/TLMTool.dist/python310.dll
60a4171cec80b5c26dbe9491a816959ccf28c52eaa1f687390384bdc5e0189d0	679936	DLL	PE_DLL_x64	.dll	YES	x64	YES	6	.text,.rdata,.data,.pdata,.rsrc,.reloc	TLMTool_2.1.2/TLMTool.dist/pythoncom310.dll
d14a89c503599be257b733cafdd66ff8d0e77bc657360dee921d40374820c415	135168	DLL	PE_DLL_x64	.dll	YES	x64	YES	6	.text,.rdata,.data,.pdata,.rsrc,.reloc	TLMTool_2.1.2/TLMTool.dist/pywintypes310.dll
db85f2f94d4994283e1055057372594538ae11020389d966e45607413851d9e9	29976	PYD	PYTHON_EXTENSION_x64	.pyd	YES	x64	YES	6	.text,.rdata,.data,.pdata,.rsrc,.reloc	TLMTool_2.1.2/TLMTool.dist/select.pyd
9e2a9e7f9739a1321d5c66d172e7eb55e155c08ee9afebcc0b462da58967353e	76467	RESOURCE	IMAGE_RESOURCE	.png	NO					TLMTool_2.1.2/TLMTool.dist/splash.png
517204ee436d08efc287abc97433c3bffcaf42ec6592a3009b9fd3b985ad772c	21523	RESOURCE	TCL_SCRIPT	.tcl	NO					TLMTool_2.1.2/TLMTool.dist/tcl/auto.tcl
1947f8b188ab4ab6aa72ea68a58d2d9add0894fdf320f6b074eae0f198368fb7	133439	RESOURCE	TCL_SCRIPT	.tcl	NO					TLMTool_2.1.2/TLMTool.dist/tcl/clock.tcl
fb87bf197f4f485b08ea81f7534bc07d9c3a538d022424be11011a1fe3c413fd	1110	RESOURCE	TCL_ENCODING_TABLE	.enc	NO					TLMTool_2.1.2/TLMTool.dist/tcl/encoding/ascii.enc
ad1ed201b69855bfd353bf969dfc55576da35a963abf1bf7fc6d8b5142a61a61	94389	RESOURCE	TCL_ENCODING_TABLE	.enc	NO					TLMTool_2.1.2/TLMTool.dist/tcl/encoding/big5.enc
8924545cc92584169138aadb64683c07bbf846a57014c2e668d23b63f43f3610	98634	RESOURCE	TCL_ENCODING_TABLE	.enc	NO					TLMTool_2.1.2/TLMTool.dist/tcl/encoding/cns11643.enc
e2991a6f7a7a4d8d3c4c97947298fd5bacb3eaa2f898cee17f5e21a9861b9626	1111	RESOURCE	TCL_ENCODING_TABLE	.enc	NO					TLMTool_2.1.2/TLMTool.dist/tcl/encoding/cp1250.enc
0aa66dff8a7ae570fee83a803f8f5391d9f0c9bd6311796592d9b6e8e36be6fc	1111	RESOURCE	TCL_ENCODING_TABLE	.enc	NO					TLMTool_2.1.2/TLMTool.dist/tcl/encoding/cp1251.enc
741859cf238c3a63bbb20ec6ed51e46451372bb221cfff438297d261d0561c2e	1111	RESOURCE	TCL_ENCODING_TABLE	.enc	NO					TLMTool_2.1.2/TLMTool.dist/tcl/encoding/cp1252.enc
5b8d47451f847c1bde12caca3739ca29860553c0b6399ee990d51b26f9a69722	1111	RESOURCE	TCL_ENCODING_TABLE	.enc	NO					TLMTool_2.1.2/TLMTool.dist/tcl/encoding/cp1253.enc
31639ca96a4d3602d59bd012540fe179917e0561cb11a0d0b61f1b950eb76911	1111	RESOURCE	TCL_ENCODING_TABLE	.enc	NO					TLMTool_2.1.2/TLMTool.dist/tcl/encoding/cp1254.enc
47576cae321c80e69c7f35205639680bf28010111e86e228ed191b084fac6b91	1111	RESOURCE	TCL_ENCODING_TABLE	.enc	NO					TLMTool_2.1.2/TLMTool.dist/tcl/encoding/cp1255.enc
29340ea8e5ad3532bf67fa77cc852f055081b1238925cb109908aa72804ccc04	1111	RESOURCE	TCL_ENCODING_TABLE	.enc	NO					TLMTool_2.1.2/TLMTool.dist/tcl/encoding/cp1256.enc
c15ab85438728bf2c60d72b1a66af80e8b1ce3cf5eb08ba6421ff1b2f73acdf4	1111	RESOURCE	TCL_ENCODING_TABLE	.enc	NO					TLMTool_2.1.2/TLMTool.dist/tcl/encoding/cp1257.enc
29d93dee7c01b2264778bc6b75f6ef76ea6ac53e9f4a334d83707229e7f482d2	1111	RESOURCE	TCL_ENCODING_TABLE	.enc	NO					TLMTool_2.1.2/TLMTool.dist/tcl/encoding/cp1258.enc
e5613c04d3d2ee44ccad85ae53a37c257674491c540836e5d942bbcc4e4a8db4	1110	RESOURCE	TCL_ENCODING_TABLE	.enc	NO					TLMTool_2.1.2/TLMTool.dist/tcl/encoding/cp437.enc
a0415f14f5d72ad24e9c3a5c91517a0e3d22e1adbc3505c0c6e918b961f7a07d	1110	RESOURCE	TCL_ENCODING_TABLE	.enc	NO					TLMTool_2.1.2/TLMTool.dist/tcl/encoding/cp737.enc
c3c6542e902dec2c44ddcfd8b5cb7abf309b0413a7ced1614dc0b20cf7c5e35f	1110	RESOURCE	TCL_ENCODING_TABLE	.enc	NO					TLMTool_2.1.2/TLMTool.dist/tcl/encoding/cp775.enc
13df611f429a9b331da1b34f3c718cccaf0bd4ab44f71a9c632197987b4d643b	1110	RESOURCE	TCL_ENCODING_TABLE	.enc	NO					TLMTool_2.1.2/TLMTool.dist/tcl/encoding/cp850.enc
f3a18a8c7934f6586f023477e08d3f9d5ead9a45e9e58a3f8d018af9bb13f868	1110	RESOURCE	TCL_ENCODING_TABLE	.enc	NO					TLMTool_2.1.2/TLMTool.dist/tcl/encoding/cp852.enc
e64fd2e639da6f654d9bfbb2266f9432259a6a55941622f5cddc3797e382eb0a	1110	RESOURCE	TCL_ENCODING_TABLE	.enc	NO					TLMTool_2.1.2/TLMTool.dist/tcl/encoding/cp855.enc
b6cd5c6f2b54d89142679d599ed0a5dee6955a3b3f6b6673e46afe7a5a303cdc	1110	RESOURCE	TCL_ENCODING_TABLE	.enc	NO					TLMTool_2.1.2/TLMTool.dist/tcl/encoding/cp857.enc
804efa345c5bbbad2449c318a7a3f5b31f4234712aad23dc49b3fb5aa33b7a57	1110	RESOURCE	TCL_ENCODING_TABLE	.enc	NO					TLMTool_2.1.2/TLMTool.dist/tcl/encoding/cp860.enc
4b7e76aeb75289faca76434ea6e9874e9504ad2bc3d8d47550eadbcc8294857e	1110	RESOURCE	TCL_ENCODING_TABLE	.enc	NO					TLMTool_2.1.2/TLMTool.dist/tcl/encoding/cp861.enc
6c15cb256b1c22170292589c6f589e64e164eb36ec7e84f0bd48149babb7c5fc	1110	RESOURCE	TCL_ENCODING_TABLE	.enc	NO					TLMTool_2.1.2/TLMTool.dist/tcl/encoding/cp862.enc
232d6fe34d7151920232eaae9c515f36400ab64136dcc5b802d6245ac6f5d56b	1110	RESOURCE	TCL_ENCODING_TABLE	.enc	NO					TLMTool_2.1.2/TLMTool.dist/tcl/encoding/cp863.enc
81bebfd9a61e9f17495763b68d57742fab2a1a43871015699a2c8e5fded4ec19	1110	RESOURCE	TCL_ENCODING_TABLE	.enc	NO					TLMTool_2.1.2/TLMTool.dist/tcl/encoding/cp864.enc
ada1a52064ee93ebe6f8a5d101d01f8776038e12f21a5ca1c006ee833577c705	1110	RESOURCE	TCL_ENCODING_TABLE	.enc	NO					TLMTool_2.1.2/TLMTool.dist/tcl/encoding/cp865.enc
32a45deba933c7ed99141535087a4c99ba79802175e3f762aca6eb941157f85a	1110	RESOURCE	TCL_ENCODING_TABLE	.enc	NO					TLMTool_2.1.2/TLMTool.dist/tcl/encoding/cp866.enc
afe6ed6eb5d07c45b6b928a48bc5ef57efcf61602d36ff9fbde4a8ea3fa6df75	1110	RESOURCE	TCL_ENCODING_TABLE	.enc	NO					TLMTool_2.1.2/TLMTool.dist/tcl/encoding/cp869.enc
4f05f31ca026bbfeeee49ed86504cb060784137a9cfae0e5954d276e837ab5de	1110	RESOURCE	TCL_ENCODING_TABLE	.enc	NO					TLMTool_2.1.2/TLMTool.dist/tcl/encoding/cp874.enc
6d1b512110beaf2cd1296ac878f51d567848ab4a1ced4f18c72806bb136b3d23	49008	RESOURCE	TCL_ENCODING_TABLE	.enc	NO					TLMTool_2.1.2/TLMTool.dist/tcl/encoding/cp932.enc
b6ec2be0504ca62b9d1b6857f6baa13ffac5a567d4432f4eab98adc830f5d9c3	134671	RESOURCE	TCL_ENCODING_TABLE	.enc	NO					TLMTool_2.1.2/TLMTool.dist/tcl/encoding/cp936.enc
477f8b79b67f4a22c963ee65b9b387dbd8e4b8f62d800b0a51d2276580c6adbb	132551	RESOURCE	TCL_ENCODING_TABLE	.enc	NO					TLMTool_2.1.2/TLMTool.dist/tcl/encoding/cp949.enc
f80e05533d1a1494c32f9412e9ad2d9c11faf9ae0668a6f9d1fa5ceedc6870e2	93330	RESOURCE	TCL_ENCODING_TABLE	.enc	NO					TLMTool_2.1.2/TLMTool.dist/tcl/encoding/cp950.enc
eb9b262e4d179268e6f017c0d4ef0e7034e31a5b4893595d150640ca1f6a1c45	1113	RESOURCE	TCL_ENCODING_TABLE	.enc	NO					TLMTool_2.1.2/TLMTool.dist/tcl/encoding/dingbats.enc
165be658ab7d61ffc3df1e2f1438c2f9fcee6808a756316302157f44e6d3acd7	1073	RESOURCE	TCL_ENCODING_TABLE	.enc	NO					TLMTool_2.1.2/TLMTool.dist/tcl/encoding/ebcdic.enc
1700af47dc012a48cec89cf1dfae6d1d0d2f40ed731eff6ca55296a055a11c00	86971	RESOURCE	TCL_ENCODING_TABLE	.enc	NO					TLMTool_2.1.2/TLMTool.dist/tcl/encoding/euc-cn.enc
a3c916ba16bcac9faa5a1ccc62aca61452d581cd8ba3ee07ec39122c697274c9	83890	RESOURCE	TCL_ENCODING_TABLE	.enc	NO					TLMTool_2.1.2/TLMTool.dist/tcl/encoding/euc-jp.enc
5448643398685456a11cbb93af2321f70b8659e2fff3ccc534b4d53bd2f38c89	95451	RESOURCE	TCL_ENCODING_TABLE	.enc	NO					TLMTool_2.1.2/TLMTool.dist/tcl/encoding/euc-kr.enc
b4894aedd2d5b5ae54b6d2840f7c89a88e9308efd288f179e65936e172ef4b0d	88033	RESOURCE	TCL_ENCODING_TABLE	.enc	NO					TLMTool_2.1.2/TLMTool.dist/tcl/encoding/gb12345.enc
acd50951f81566c8d823670f9957b2479102eb5ae4cf558453e1d8436a9e31ff	1111	RESOURCE	TCL_ENCODING_TABLE	.enc	NO					TLMTool_2.1.2/TLMTool.dist/tcl/encoding/gb1988.enc
c445e4c9f676ae997d2dda2bbc107b746f3547d85f39479951c56f46275ee355	85912	RESOURCE	TCL_ENCODING_TABLE	.enc	NO					TLMTool_2.1.2/TLMTool.dist/tcl/encoding/gb2312-raw.enc
1700af47dc012a48cec89cf1dfae6d1d0d2f40ed731eff6ca55296a055a11c00	86971	RESOURCE	TCL_ENCODING_TABLE	.enc	NO					TLMTool_2.1.2/TLMTool.dist/tcl/encoding/gb2312.enc
98074c85650a420a095ada9138da3a8a0aa4027be47ea1e97a596f319eb084e9	204	RESOURCE	TCL_ENCODING_TABLE	.enc	NO					TLMTool_2.1.2/TLMTool.dist/tcl/encoding/iso2022-jp.enc
234811fc8b0f8ff2b847d9cc3982f1699df1d21a43c74dce45ba855d22520007	122	RESOURCE	TCL_ENCODING_TABLE	.enc	NO					TLMTool_2.1.2/TLMTool.dist/tcl/encoding/iso2022-kr.enc
741b4c842557eed2952936204d0ae9c35fa3a0f02f826d94c50c46976291797c	240	RESOURCE	TCL_ENCODING_TABLE	.enc	NO					TLMTool_2.1.2/TLMTool.dist/tcl/encoding/iso2022.enc
a9cb4f4ca111608f882729bc5eb1c2f15530c515ef02dd2ca62f2d8dc5a210cf	1114	RESOURCE	TCL_ENCODING_TABLE	.enc	NO					TLMTool_2.1.2/TLMTool.dist/tcl/encoding/iso8859-1.enc
48f4a239c25354f0e9f83a39f15d4632bb18a9c33e60c671c67307159917eced	1115	RESOURCE	TCL_ENCODING_TABLE	.enc	NO					TLMTool_2.1.2/TLMTool.dist/tcl/encoding/iso8859-10.enc
21e769c5a66e4d12d6e7db24022e92af1ec0d0331fe3c8c605654f239c0f3640	1115	RESOURCE	TCL_ENCODING_TABLE	.enc	NO					TLMTool_2.1.2/TLMTool.dist/tcl/encoding/iso8859-11.enc
3271d39d7b4dcd841e8e5d5153d1b8837718b88fefec73dc37d314816eefe5e5	1115	RESOURCE	TCL_ENCODING_TABLE	.enc	NO					TLMTool_2.1.2/TLMTool.dist/tcl/encoding/iso8859-13.enc
f0a5675027fb1ca34b4e4128d24c2968cd275890569a32a86afa4994ce4983e0	1115	RESOURCE	TCL_ENCODING_TABLE	.enc	NO					TLMTool_2.1.2/TLMTool.dist/tcl/encoding/iso8859-14.enc
c74e8e23a0ff0d5dea7c318ca20dc817da4e57b0dd61b3361fc0d5098a9316fe	1115	RESOURCE	TCL_ENCODING_TABLE	.enc	NO					TLMTool_2.1.2/TLMTool.dist/tcl/encoding/iso8859-15.enc
640d977ec1d22b555c5075798da009e3523e8f55f29be22a3050cd1b4ef7b80e	1115	RESOURCE	TCL_ENCODING_TABLE	.enc	NO					TLMTool_2.1.2/TLMTool.dist/tcl/encoding/iso8859-16.enc
76949b03f57041b07f41902bd7505ab3594d79aa8f7bdeed5f0481004b10cbc3	1114	RESOURCE	TCL_ENCODING_TABLE	.enc	NO					TLMTool_2.1.2/TLMTool.dist/tcl/encoding/iso8859-2.enc
1f51e7bda64d466c16fee9a120bbe3353a10ceb9dab119ffa326779ba78d8c5d	1114	RESOURCE	TCL_ENCODING_TABLE	.enc	NO					TLMTool_2.1.2/TLMTool.dist/tcl/encoding/iso8859-3.enc
66b3cf994f0b5e0103d13e812958320afb555c91e3f81b579d4cbf231e6a0805	1114	RESOURCE	TCL_ENCODING_TABLE	.enc	NO					TLMTool_2.1.2/TLMTool.dist/tcl/encoding/iso8859-4.enc
3130bf26da0c840c1e02203a90c3b1c38966fb203130e2fbb3dd7cb3865a3539	1114	RESOURCE	TCL_ENCODING_TABLE	.enc	NO					TLMTool_2.1.2/TLMTool.dist/tcl/encoding/iso8859-5.enc
cb71909bf01a3a7a4c7396359da06d206b58a42ad68192ce37169d6640d46e13	1114	RESOURCE	TCL_ENCODING_TABLE	.enc	NO					TLMTool_2.1.2/TLMTool.dist/tcl/encoding/iso8859-6.enc
76f6bc85fc9cb89bc3f94d36275ab23c740ba17fd36ec8907479da3a885415ea	1114	RESOURCE	TCL_ENCODING_TABLE	.enc	NO					TLMTool_2.1.2/TLMTool.dist/tcl/encoding/iso8859-7.enc
865e3665743b5faba3e1ad6aa55515a666bd05da6266879d9b66c98905daff3c	1114	RESOURCE	TCL_ENCODING_TABLE	.enc	NO					TLMTool_2.1.2/TLMTool.dist/tcl/encoding/iso8859-8.enc
cf51e867dde2f19553d98feec45a075c4b4f480fb1edadb3d8dad1ebea9299f3	1114	RESOURCE	TCL_ENCODING_TABLE	.enc	NO					TLMTool_2.1.2/TLMTool.dist/tcl/encoding/iso8859-9.enc
61b14a7c312366f79bb45f02c6b7ee362e6f51cbad5e479e563c7f7e785db654	1112	RESOURCE	TCL_ENCODING_TABLE	.enc	NO					TLMTool_2.1.2/TLMTool.dist/tcl/encoding/jis0201.enc
f6b1c6ac5f5fc4e990a7a1aac16a406012040936431befe7d2b6cd1da9e422c4	81772	RESOURCE	TCL_ENCODING_TABLE	.enc	NO					TLMTool_2.1.2/TLMTool.dist/tcl/encoding/jis0208.enc
785cfc5f5d9cb06db8061730ab0016a0f70d0b59f6787d2a3cbb8d5779c99706	72133	RESOURCE	TCL_ENCODING_TABLE	.enc	NO					TLMTool_2.1.2/TLMTool.dist/tcl/encoding/jis0212.enc
0e43244bfc4f33facb844b9e00270a1a4c24dc59b8a9b95104e2d788bb2f59fd	1111	RESOURCE	TCL_ENCODING_TABLE	.enc	NO					TLMTool_2.1.2/TLMTool.dist/tcl/encoding/koi8-r.enc
ed04d5b977b8c8944d8760b713ff061292da5634bcbb67cdfb1c3a6ff5378c81	1111	RESOURCE	TCL_ENCODING_TABLE	.enc	NO					TLMTool_2.1.2/TLMTool.dist/tcl/encoding/koi8-u.enc
9b27fe7e7054f36e279993f19e52e18ac03360d117ae80c42b4e984a97c590aa	94393	RESOURCE	TCL_ENCODING_TABLE	.enc	NO					TLMTool_2.1.2/TLMTool.dist/tcl/encoding/ksc5601.enc
81eca6840b87f2def9fcdd171a55c2d71a49386d88401ce927ae57d7ddd7aaaa	1116	RESOURCE	TCL_ENCODING_TABLE	.enc	NO					TLMTool_2.1.2/TLMTool.dist/tcl/encoding/macCentEuro.enc
bbe6f5ebb5eab08c91df7d524faf39b03aa8b9f84c67aba0553a84ec56668cb9	1116	RESOURCE	TCL_ENCODING_TABLE	.enc	NO					TLMTool_2.1.2/TLMTool.dist/tcl/encoding/macCroatian.enc
76efe571adda7aed467f146cb0bd3a2351f2a720508ea0642c419f5347789caa	1116	RESOURCE	TCL_ENCODING_TABLE	.enc	NO					TLMTool_2.1.2/TLMTool.dist/tcl/encoding/macCyrillic.enc
062e31d48dc33160999074e49205e08c3655dff91c2c87f254522e6ebce2dd96	1116	RESOURCE	TCL_ENCODING_TABLE	.enc	NO					TLMTool_2.1.2/TLMTool.dist/tcl/encoding/macDingbats.enc
1aabe561b5c944abd11c293d4acac0f3a4a5a9e84a0342d066f4e3e992348895	1113	RESOURCE	TCL_ENCODING_TABLE	.enc	NO					TLMTool_2.1.2/TLMTool.dist/tcl/encoding/macGreek.enc
6fd08ce6fba521d51e8058de5c2dbd6583b80306a8be7d015361f76314e70a35	1115	RESOURCE	TCL_ENCODING_TABLE	.enc	NO					TLMTool_2.1.2/TLMTool.dist/tcl/encoding/macIceland.enc
47007d9ebf4d34c6ce3599e50afc7c1cf8129b88994de2c2a857c09003f9cd2b	48813	RESOURCE	TCL_ENCODING_TABLE	.enc	NO					TLMTool_2.1.2/TLMTool.dist/tcl/encoding/macJapan.enc
c83d971d6bc0284ef323c197896e38c57a5ff44784e451ec2997eda70c0dd85c	1113	RESOURCE	TCL_ENCODING_TABLE	.enc	NO					TLMTool_2.1.2/TLMTool.dist/tcl/encoding/macRoman.enc
0b805daf21d37d702617a8c72c7345f857695108d905ff378791f291cea150f0	1115	RESOURCE	TCL_ENCODING_TABLE	.enc	NO					TLMTool_2.1.2/TLMTool.dist/tcl/encoding/macRomania.enc
a1802a2feb01b255ec7c17425eee4525372df8ce226f4047d149172eb438f913	1112	RESOURCE	TCL_ENCODING_TABLE	.enc	NO					TLMTool_2.1.2/TLMTool.dist/tcl/encoding/macThai.enc
afb66138ebe9b87d8b070fe3b6e7d1a05ed508571e9e5b166c3314069d59b4e4	1115	RESOURCE	TCL_ENCODING_TABLE	.enc	NO					TLMTool_2.1.2/TLMTool.dist/tcl/encoding/macTurkish.enc
f7e11736c9ff30102b31ec72272754110193b347433f4b364921e8f131c92bf0	1115	RESOURCE	TCL_ENCODING_TABLE	.enc	NO					TLMTool_2.1.2/TLMTool.dist/tcl/encoding/macUkraine.enc
4a15ed210126bcdae32543f60eb1a0677f985f32d49fce923b9fae8c5bcf3da4	42552	RESOURCE	TCL_ENCODING_TABLE	.enc	NO					TLMTool_2.1.2/TLMTool.dist/tcl/encoding/shiftjis.enc
9660537a7b62996478555c6f57c1962c78fb3972f19370b2e395c44842818a1f	1111	RESOURCE	TCL_ENCODING_TABLE	.enc	NO					TLMTool_2.1.2/TLMTool.dist/tcl/encoding/symbol.enc
50b62381d6edd4219f4292bfdc365954491b23360de7c08033e7218a3d29c970	1112	RESOURCE	TCL_ENCODING_TABLE	.enc	NO					TLMTool_2.1.2/TLMTool.dist/tcl/encoding/tis-620.enc
5123db837eadf45712ea7d449bc40bfd3e8e16d3d71e7d0ce9a32f164973d767	8235	RESOURCE	TCL_SCRIPT	.tcl	NO					TLMTool_2.1.2/TLMTool.dist/tcl/history.tcl
8c474095a3aba7df5b488f3d35240d6de729e57153980c2a898728b8c407a727	10066	RESOURCE	TCL_SCRIPT	.tcl	NO					TLMTool_2.1.2/TLMTool.dist/tcl/http1.0/http.tcl
77265723959c092897c2449c5b7768ca72d0efcd8c505bddbb7a84f6aa401339	746	RESOURCE	TCL_SCRIPT	.tcl	NO					TLMTool_2.1.2/TLMTool.dist/tcl/http1.0/pkgIndex.tcl
331bcf0f9f635bd57c3384f2237260d074708b0975c700cfcbdb285f5f59ab1f	25633	RESOURCE	TCL_SCRIPT	.tcl	NO					TLMTool_2.1.2/TLMTool.dist/tcl/init.tcl
a1eaca556bc0cfbd219376287c72d9dbbfab76ecf9bf204fd02d40d341baf7da	1038	RESOURCE	TCL_MESSAGE_CATALOG	.msg	NO					TLMTool_2.1.2/TLMTool.dist/tcl/msgs/af.msg
1548988458bbf0dfccc23b7487cec0e9c64e4cc8e045723e50bec37c454a8c81	257	RESOURCE	TCL_MESSAGE_CATALOG	.msg	NO					TLMTool_2.1.2/TLMTool.dist/tcl/msgs/af_za.msg
b69d0061a728d59f89ff8621312789cd9f540bf2e2ed297804d22f6278561d85	2018	RESOURCE	TCL_MESSAGE_CATALOG	.msg	NO					TLMTool_2.1.2/TLMTool.dist/tcl/msgs/ar.msg
2e04b96da002519d28125918a22ff2bb9659a668a7bcad34d85dddecec8dc0b4	265	RESOURCE	TCL_MESSAGE_CATALOG	.msg	NO					TLMTool_2.1.2/TLMTool.dist/tcl/msgs/ar_in.msg
5adbb3d37c3369e5fc80d6a462c82598d5a22faef0e8df6b3148231d2c6a7f73	1851	RESOURCE	TCL_MESSAGE_CATALOG	.msg	NO					TLMTool_2.1.2/TLMTool.dist/tcl/msgs/ar_jo.msg
1fc13070cf661488e90fece84274c46b1f4cc7e1565eab8f829ccaa65108dfca	1851	RESOURCE	TCL_MESSAGE_CATALOG	.msg	NO					TLMTool_2.1.2/TLMTool.dist/tcl/msgs/ar_lb.msg
294f3e46c55453edad44567e1330f9b43e69a07fa0655b24dd2780a4490c1194	1851	RESOURCE	TCL_MESSAGE_CATALOG	.msg	NO					TLMTool_2.1.2/TLMTool.dist/tcl/msgs/ar_sy.msg
a636a82c7d00ccdc0af2496043ffa320f17b0d48a1232708810d3bb1453e881e	2157	RESOURCE	TCL_MESSAGE_CATALOG	.msg	NO					TLMTool_2.1.2/TLMTool.dist/tcl/msgs/be.msg
cfe4e44a3a751f113847667ec9ea741e762bbde0d4284822cb337df0f92c1aca	1871	RESOURCE	TCL_MESSAGE_CATALOG	.msg	NO					TLMTool_2.1.2/TLMTool.dist/tcl/msgs/bg.msg
890ea6521deb1b3c3913ccd92562f6360e064daee2e2b0356a6dd97a46264a1f	2335	RESOURCE	TCL_MESSAGE_CATALOG	.msg	NO					TLMTool_2.1.2/TLMTool.dist/tcl/msgs/bn.msg
b3d8a4632290b0f3da690e47c1fdf06a8b9e171a96e938afdb0dd52cf806ce54	265	RESOURCE	TCL_MESSAGE_CATALOG	.msg	NO					TLMTool_2.1.2/TLMTool.dist/tcl/msgs/bn_in.msg
3be295dcc8fcdc767fed0c68e3867359c18e7e57d7db6c07236b5bc572ad328e	1152	RESOURCE	TCL_MESSAGE_CATALOG	.msg	NO					TLMTool_2.1.2/TLMTool.dist/tcl/msgs/ca.msg
afea12a16a6fa750ea610245133b90f178ba714848f89aec37429a3e7b06be1a	1354	RESOURCE	TCL_MESSAGE_CATALOG	.msg	NO					TLMTool_2.1.2/TLMTool.dist/tcl/msgs/cs.msg
0d422a991bca13fe9033118691cfedab0f372222ebb0bc92baf8e914ee816b84	1208	RESOURCE	TCL_MESSAGE_CATALOG	.msg	NO					TLMTool_2.1.2/TLMTool.dist/tcl/msgs/da.msg
4c27733502066e8391654d1d372f92bf0484c5a3821e121ae8aa5b99378c99ae	1276	RESOURCE	TCL_MESSAGE_CATALOG	.msg	NO					TLMTool_2.1.2/TLMTool.dist/tcl/msgs/de.msg
1c02d14140196623297f858e2eef00b4159e1c6fafe044ec65a48c9c24d46540	847	RESOURCE	TCL_MESSAGE_CATALOG	.msg	NO					TLMTool_2.1.2/TLMTool.dist/tcl/msgs/de_at.msg
532845cd15ec821c1939d000c648694a64e8ca8f0c14bad5d79682cf991481ce	1276	RESOURCE	TCL_MESSAGE_CATALOG	.msg	NO					TLMTool_2.1.2/TLMTool.dist/tcl/msgs/de_be.msg
8b23e0e2f0f319bb9a2dfdccdc565ff79a62fa85094811189b6bc41594232b6b	2304	RESOURCE	TCL_MESSAGE_CATALOG	.msg	NO					TLMTool_2.1.2/TLMTool.dist/tcl/msgs/el.msg
705c66c14b6de682ec7408eabdba0800c626629e64458971bc8a4cbd3d5db111	307	RESOURCE	TCL_MESSAGE_CATALOG	.msg	NO					TLMTool_2.1.2/TLMTool.dist/tcl/msgs/en_au.msg
bc87754a253c1036e423fa553da182dbc56f62a13eda811d8cd9e8afa40404a6	312	RESOURCE	TCL_MESSAGE_CATALOG	.msg	NO					TLMTool_2.1.2/TLMTool.dist/tcl/msgs/en_be.msg
ec48f18995d46f82b1cc71ea285174505a50e3ba2017bcce2d807149b7543fd0	257	RESOURCE	TCL_MESSAGE_CATALOG	.msg	NO					TLMTool_2.1.2/TLMTool.dist/tcl/msgs/en_bw.msg
3cf2d0937fd95264549cf5c768b898f01d4875a3eb4a85d457d758bc11dfec6e	295	RESOURCE	TCL_MESSAGE_CATALOG	.msg	NO					TLMTool_2.1.2/TLMTool.dist/tcl/msgs/en_ca.msg
c2ce5b74f9e9c190b21c5df4106303b7b794481228fb9a57065b9c822a1059c3	286	RESOURCE	TCL_MESSAGE_CATALOG	.msg	NO					TLMTool_2.1.2/TLMTool.dist/tcl/msgs/en_gb.msg
563450a38db6c6a1911bc04f4f55b816910b3e768b1465a69f9b3bd27292dbee	329	RESOURCE	TCL_MESSAGE_CATALOG	.msg	NO					TLMTool_2.1.2/TLMTool.dist/tcl/msgs/en_hk.msg
9e0dcee86a03b7bdd831e0008868a9b874c506315bf01df3982ad3813fd3ba8e	286	RESOURCE	TCL_MESSAGE_CATALOG	.msg	NO					TLMTool_2.1.2/TLMTool.dist/tcl/msgs/en_ie.msg
adea3a1ab8aa84237ddb2f276abdb96dcb4c51932e920d1a5e336904e1138664	318	RESOURCE	TCL_MESSAGE_CATALOG	.msg	NO					TLMTool_2.1.2/TLMTool.dist/tcl/msgs/en_in.msg
ec305b7cb393421e6826d8f4fea749d3902eba53bfa488f2b463412f4070b9ed	307	RESOURCE	TCL_MESSAGE_CATALOG	.msg	NO					TLMTool_2.1.2/TLMTool.dist/tcl/msgs/en_nz.msg
3a9c22b07906544c04f7a29b800fce87c09d7fdf5c251236925115cf251a3890	329	RESOURCE	TCL_MESSAGE_CATALOG	.msg	NO					TLMTool_2.1.2/TLMTool.dist/tcl/msgs/en_ph.msg
d565679ae9aacbfe3b5273fe29bd46f46ffbb63c837d7925c11356d267f5ff82	257	RESOURCE	TCL_MESSAGE_CATALOG	.msg	NO					TLMTool_2.1.2/TLMTool.dist/tcl/msgs/en_sg.msg
67c253e2a187aa814809418e5b7a21f3a1f9fb5073458a59d80290f58c6c1eb4	251	RESOURCE	TCL_MESSAGE_CATALOG	.msg	NO					TLMTool_2.1.2/TLMTool.dist/tcl/msgs/en_za.msg
6f4754ce29dfa4f0e7957923249151ce8277395d1af9f102d61b185f85899e4e	257	RESOURCE	TCL_MESSAGE_CATALOG	.msg	NO					TLMTool_2.1.2/TLMTool.dist/tcl/msgs/en_zw.msg
98d52cab5ca65789d1dc37949b65baf0272ab87bccbb4d4982c3af380d5406ab	1285	RESOURCE	TCL_MESSAGE_CATALOG	.msg	NO					TLMTool_2.1.2/TLMTool.dist/tcl/msgs/eo.msg
e9a6fe8cce7c808487da505176984d02f7d644425934cedb10b521fe1e796202	1232	RESOURCE	TCL_MESSAGE_CATALOG	.msg	NO					TLMTool_2.1.2/TLMTool.dist/tcl/msgs/es.msg
b97dcea4fec3e14632b1511d8c4f9e5a157d97b4ebbc7c6ee100c3558cb2947f	248	RESOURCE	TCL_MESSAGE_CATALOG	.msg	NO					TLMTool_2.1.2/TLMTool.dist/tcl/msgs/es_ar.msg
b47f55539db6f64304dea080d6f9a39165f1b9d4704dcba4c182dbd3aa31a11b	257	RESOURCE	TCL_MESSAGE_CATALOG	.msg	NO					TLMTool_2.1.2/TLMTool.dist/tcl/msgs/es_bo.msg
9d1a2a6eba673c6f6d964dbcddf228cb64978f282e70e494b60d74e16a1db9cb	257	RESOURCE	TCL_MESSAGE_CATALOG	.msg	NO					TLMTool_2.1.2/TLMTool.dist/tcl/msgs/es_cl.msg
5fac53acfb305c055afd0ba824742a78cb506046b26dac21c73f0bb60c2b889a	257	RESOURCE	TCL_MESSAGE_CATALOG	.msg	NO					TLMTool_2.1.2/TLMTool.dist/tcl/msgs/es_co.msg
a33dc22330d087b8567670b4915c334ff1741ee03f05d616cc801ecfda1d9e64	257	RESOURCE	TCL_MESSAGE_CATALOG	.msg	NO					TLMTool_2.1.2/TLMTool.dist/tcl/msgs/es_cr.msg
8dc2f857e91912ed46a94eb6b37dd6170ea7bcddcd41cb85c0926a74ee12fcc1	257	RESOURCE	TCL_MESSAGE_CATALOG	.msg	NO					TLMTool_2.1.2/TLMTool.dist/tcl/msgs/es_do.msg
52ab5a6c9dd4f130a75c049b3af8f54b84071fc190374bccf5fa0e1f3b91eb21	257	RESOURCE	TCL_MESSAGE_CATALOG	.msg	NO					TLMTool_2.1.2/TLMTool.dist/tcl/msgs/es_ec.msg
19b4d3025156c060a16328370a3fdb9f141298decfc8f97be606f6438fece2ee	257	RESOURCE	TCL_MESSAGE_CATALOG	.msg	NO					TLMTool_2.1.2/TLMTool.dist/tcl/msgs/es_gt.msg
07873d4d59bb41000706a844859c73d26b1ff794058aa83cffca804981a24038	257	RESOURCE	TCL_MESSAGE_CATALOG	.msg	NO					TLMTool_2.1.2/TLMTool.dist/tcl/msgs/es_hn.msg
a0f57137d2c0abdc933e03cfb188f5632176c195ceadb9dc80d469c8dc6cedc6	257	RESOURCE	TCL_MESSAGE_CATALOG	.msg	NO					TLMTool_2.1.2/TLMTool.dist/tcl/msgs/es_mx.msg
6250663da1378e54bedcef206583d212bc0d61d04d070495238d33715bb20cae	257	RESOURCE	TCL_MESSAGE_CATALOG	.msg	NO					TLMTool_2.1.2/TLMTool.dist/tcl/msgs/es_ni.msg
ebb661c1c09e7d4f6fbcc4b2dad0f41442b1ffdd27f003abdc0375dd316e57d7	257	RESOURCE	TCL_MESSAGE_CATALOG	.msg	NO					TLMTool_2.1.2/TLMTool.dist/tcl/msgs/es_pa.msg
90c130b66958cf63cb3ddd2c633e58444357dbab44c56831dd794cbd2eb1aed0	257	RESOURCE	TCL_MESSAGE_CATALOG	.msg	NO					TLMTool_2.1.2/TLMTool.dist/tcl/msgs/es_pe.msg
f790e8e48dc079dcd7deb58170561006a31294f7e4acbf9cf2abfa3db9e3fa9e	257	RESOURCE	TCL_MESSAGE_CATALOG	.msg	NO					TLMTool_2.1.2/TLMTool.dist/tcl/msgs/es_pr.msg
70263f7eb22822dfee8849b7ac4418ed9331275a71e77236b59226396505cdff	257	RESOURCE	TCL_MESSAGE_CATALOG	.msg	NO					TLMTool_2.1.2/TLMTool.dist/tcl/msgs/es_py.msg
26a38b3745c95673d21babb987f1d41ee08dda945c670f5432ba0ce6f893c0e9	257	RESOURCE	TCL_MESSAGE_CATALOG	.msg	NO					TLMTool_2.1.2/TLMTool.dist/tcl/msgs/es_sv.msg
1291b58810739ea0651493dd7887f5ee3e14bdb806e06dd4bb8ae2520c742eda	257	RESOURCE	TCL_MESSAGE_CATALOG	.msg	NO					TLMTool_2.1.2/TLMTool.dist/tcl/msgs/es_uy.msg
91191517403c712299919f9c797f952502e33cb6961d1dbee3a7c9e8d2b170b9	257	RESOURCE	TCL_MESSAGE_CATALOG	.msg	NO					TLMTool_2.1.2/TLMTool.dist/tcl/msgs/es_ve.msg
4bee224c21b0483cff39be145c671aa20cb7872c8727fd918c0e8eca2bbeb172	1258	RESOURCE	TCL_MESSAGE_CATALOG	.msg	NO					TLMTool_2.1.2/TLMTool.dist/tcl/msgs/et.msg
6889b57d29b670c6cfb7b5a3f2f1749d12c802e8e9629014d06ce23c034c7ef1	1032	RESOURCE	TCL_MESSAGE_CATALOG	.msg	NO					TLMTool_2.1.2/TLMTool.dist/tcl/msgs/eu.msg
d45cc432e5743e6cec34e9a1e0f91a9d5c315cda409e0826b51ad9d908479eb6	294	RESOURCE	TCL_MESSAGE_CATALOG	.msg	NO					TLMTool_2.1.2/TLMTool.dist/tcl/msgs/eu_es.msg
86898728b275288693b200568dc927c3ff5b9050690876c4441a8339dae06386	1711	RESOURCE	TCL_MESSAGE_CATALOG	.msg	NO					TLMTool_2.1.2/TLMTool.dist/tcl/msgs/fa.msg
6b56545c1ae1de53bc2389bb7ae59f115bade24f907e384e079491dc77d6541d	2009	RESOURCE	TCL_MESSAGE_CATALOG	.msg	NO					TLMTool_2.1.2/TLMTool.dist/tcl/msgs/fa_in.msg
3d9779c27e8960143d00961f6e82124120fd47b7f3cb82db3df21cdd9090c707	426	RESOURCE	TCL_MESSAGE_CATALOG	.msg	NO					TLMTool_2.1.2/TLMTool.dist/tcl/msgs/fa_ir.msg
9929a6b7139bd7e0f29487f7888a83e4c4f5e9ce0352738cfca94ee2ddf3bd6b	1195	RESOURCE	TCL_MESSAGE_CATALOG	.msg	NO					TLMTool_2.1.2/TLMTool.dist/tcl/msgs/fi.msg
2ec9b03469fa38b260915c93318f446ea5e12b9090bd441936b57552eba1e3c9	1033	RESOURCE	TCL_MESSAGE_CATALOG	.msg	NO					TLMTool_2.1.2/TLMTool.dist/tcl/msgs/fo.msg
c3dccf5e5904c24d4ad9aaa36160a78f5397a7452510c0c0e61de4de863305cb	286	RESOURCE	TCL_MESSAGE_CATALOG	.msg	NO					TLMTool_2.1.2/TLMTool.dist/tcl/msgs/fo_fo.msg
96b1e1e12cd13a56722ebf27d362c70b467342fa1282a40b89fb16b5105a0480	1257	RESOURCE	TCL_MESSAGE_CATALOG	.msg	NO					TLMTool_2.1.2/TLMTool.dist/tcl/msgs/fr.msg
aad828bcbb512fbd9902dcdd3812247a74913cc574deb07da95a7bbe74b1fe48	286	RESOURCE	TCL_MESSAGE_CATALOG	.msg	NO					TLMTool_2.1.2/TLMTool.dist/tcl/msgs/fr_be.msg
0624df9a56723ddb89e59736c20a5837dea2206a789ebe7eef19ad287590ca45	286	RESOURCE	TCL_MESSAGE_CATALOG	.msg	NO					TLMTool_2.1.2/TLMTool.dist/tcl/msgs/fr_ca.msg
290ca6eb74baeac4e2420d0755d148849f89ee87e37860f25cbb7b8afa3edcbc	288	RESOURCE	TCL_MESSAGE_CATALOG	.msg	NO					TLMTool_2.1.2/TLMTool.dist/tcl/msgs/fr_ch.msg
880806867acabd9b39e3029a5add26b690cc5709082d43b0959eba725ea07ab5	1188	RESOURCE	TCL_MESSAGE_CATALOG	.msg	NO					TLMTool_2.1.2/TLMTool.dist/tcl/msgs/ga.msg
3f9615c617d3cdbc1e127b3efee785b0cb5e92e17b7dabac80da2beaf076362c	286	RESOURCE	TCL_MESSAGE_CATALOG	.msg	NO					TLMTool_2.1.2/TLMTool.dist/tcl/msgs/ga_ie.msg
34d61b49dbf9584893051ffb458d6de9e7e2e7774ac0011f70c4dd4184eba81c	997	RESOURCE	TCL_MESSAGE_CATALOG	.msg	NO					TLMTool_2.1.2/TLMTool.dist/tcl/msgs/gl.msg
b5688ca07d713227b713655877710258cd503617e8df79293a971649e3134f05	257	RESOURCE	TCL_MESSAGE_CATALOG	.msg	NO					TLMTool_2.1.2/TLMTool.dist/tcl/msgs/gl_es.msg
404795f2c88d0038f9ed0b5120a251d26edf8b236e1b1698bc71acd4dc75ac45	1084	RESOURCE	TCL_MESSAGE_CATALOG	.msg	NO					TLMTool_2.1.2/TLMTool.dist/tcl/msgs/gv.msg
86cabf3b9360c0e686cc4cbeb843e971c28bc6d35210ed378b54eb58cc41f3d5	257	RESOURCE	TCL_MESSAGE_CATALOG	.msg	NO					TLMTool_2.1.2/TLMTool.dist/tcl/msgs/gv_gb.msg
787da79af58872bf45ab09e3b6a920a4496b5bd8a4f3c7f010cf013ec2e8efe0	1990	RESOURCE	TCL_MESSAGE_CATALOG	.msg	NO					TLMTool_2.1.2/TLMTool.dist/tcl/msgs/he.msg
192f4a8e77e1627712f85533c9896ef6a040157c7bd56df3a4a7fa56ad6746c2	1777	RESOURCE	TCL_MESSAGE_CATALOG	.msg	NO					TLMTool_2.1.2/TLMTool.dist/tcl/msgs/hi.msg
5a3bf0dd61bfb5a2bf75e96b11e0e3528ffab720a0bf1923853606f8caf0e76d	257	RESOURCE	TCL_MESSAGE_CATALOG	.msg	NO					TLMTool_2.1.2/TLMTool.dist/tcl/msgs/hi_in.msg
105a9180bc5d23738183374fa0ea8dd80484bf3947e1432e515bdc2913c017d9	1171	RESOURCE	TCL_MESSAGE_CATALOG	.msg	NO					TLMTool_2.1.2/TLMTool.dist/tcl/msgs/hr.msg
993475532f89e1ea7214adb265294040862305612d680cff01dd20615b731ccc	1381	RESOURCE	TCL_MESSAGE_CATALOG	.msg	NO					TLMTool_2.1.2/TLMTool.dist/tcl/msgs/hu.msg
41c0c3d3b4491e9b36e719466503efcd325175cb7824c4a5055cb113d347be0f	961	RESOURCE	TCL_MESSAGE_CATALOG	.msg	NO					TLMTool_2.1.2/TLMTool.dist/tcl/msgs/id.msg
ba7fc0c0452d3e482db6e19bdf512caced639ba72b92ed8f66d80b52fea11ac0	257	RESOURCE	TCL_MESSAGE_CATALOG	.msg	NO					TLMTool_2.1.2/TLMTool.dist/tcl/msgs/id_id.msg
778be3d6bfe2dffb64ff1afb9ec8351a3343b314cf93a68e8f7fd1073ee122bb	1305	RESOURCE	TCL_MESSAGE_CATALOG	.msg	NO					TLMTool_2.1.2/TLMTool.dist/tcl/msgs/is.msg
1d72170b9f9028a237364f7cd7ea8b48bd4770e61922205ce862300103b13de5	1294	RESOURCE	TCL_MESSAGE_CATALOG	.msg	NO					TLMTool_2.1.2/TLMTool.dist/tcl/msgs/it.msg
24b5f303f5c7af6f63fdc23adb4d713087ae74b6d18c117d787af03374c5f57e	250	RESOURCE	TCL_MESSAGE_CATALOG	.msg	NO					TLMTool_2.1.2/TLMTool.dist/tcl/msgs/it_ch.msg
2b6d15a191437f1b84fa7023e34153b61e6bf1de1452ea921e9ccbbe5d4beb1c	1689	RESOURCE	TCL_MESSAGE_CATALOG	.msg	NO					TLMTool_2.1.2/TLMTool.dist/tcl/msgs/ja.msg
96ff17f1cff976e4e204d3616d1efced4d0f907c5e6a0f04b4536cb4ad1190c9	1025	RESOURCE	TCL_MESSAGE_CATALOG	.msg	NO					TLMTool_2.1.2/TLMTool.dist/tcl/msgs/kl.msg
3027cfe9ebd2172cefc15c025786cad47a6e2894bf0474afc1b0c341e70202aa	286	RESOURCE	TCL_MESSAGE_CATALOG	.msg	NO					TLMTool_2.1.2/TLMTool.dist/tcl/msgs/kl_gl.msg
ef6fb319c398eea79b3a951319f831f3b186d556565d17d738e5f9b4b77570f2	1621	RESOURCE	TCL_MESSAGE_CATALOG	.msg	NO					TLMTool_2.1.2/TLMTool.dist/tcl/msgs/ko.msg
4cac8fb43d290a63a4d3215f22228b358ab4fa174f08712dd6c5b64c5e485071	354	RESOURCE	TCL_MESSAGE_CATALOG	.msg	NO					TLMTool_2.1.2/TLMTool.dist/tcl/msgs/ko_kr.msg
9d215e31a39fed45b3657144e5f73c942e59e500036ce16b1fff201fd6358595	1997	RESOURCE	TCL_MESSAGE_CATALOG	.msg	NO					TLMTool_2.1.2/TLMTool.dist/tcl/msgs/kok.msg
644f2b6d4ba27af14891b781def60f708a9f18fc2f73566649b631a6dea3ef09	260	RESOURCE	TCL_MESSAGE_CATALOG	.msg	NO					TLMTool_2.1.2/TLMTool.dist/tcl/msgs/kok_in.msg
eab468ac5bf1833d4f8cd658789413d4a46cad16b63fb9b906cff6dc9ea26251	1013	RESOURCE	TCL_MESSAGE_CATALOG	.msg	NO					TLMTool_2.1.2/TLMTool.dist/tcl/msgs/kw.msg
edac14d929d1c6559ec46e9b460f8f44a189b78fb915f2d641104549cbd94188	257	RESOURCE	TCL_MESSAGE_CATALOG	.msg	NO					TLMTool_2.1.2/TLMTool.dist/tcl/msgs/kw_gb.msg
855b652fcc8066ba45c7dc8dbfd3807d1b4759ea8d71c523567f47bf445d1de6	1307	RESOURCE	TCL_MESSAGE_CATALOG	.msg	NO					TLMTool_2.1.2/TLMTool.dist/tcl/msgs/lt.msg
7e90d2008b220db19c796c7107ad69d263b8ac8c7bddfb879230699d978e9a0a	1271	RESOURCE	TCL_MESSAGE_CATALOG	.msg	NO					TLMTool_2.1.2/TLMTool.dist/tcl/msgs/lv.msg
4c0eb07f0fcb36dd12a3f7edd6531616611abf62bf7705b5a37cc59098221d5d	2157	RESOURCE	TCL_MESSAGE_CATALOG	.msg	NO					TLMTool_2.1.2/TLMTool.dist/tcl/msgs/mk.msg
ae873bf5484eacbbe179913d43451be53378fa701b5d81594d052266b8a09af0	1846	RESOURCE	TCL_MESSAGE_CATALOG	.msg	NO					TLMTool_2.1.2/TLMTool.dist/tcl/msgs/mr.msg
b7b1d379355a1d278e13ef557a887a662e84fb6a9b62b8e19a27927926270ef9	257	RESOURCE	TCL_MESSAGE_CATALOG	.msg	NO					TLMTool_2.1.2/TLMTool.dist/tcl/msgs/mr_in.msg
970b2f3ecc04980fcc2f9531ca6ce2bf36bc12942cb614bf70313b4cb0508985	957	RESOURCE	TCL_MESSAGE_CATALOG	.msg	NO					TLMTool_2.1.2/TLMTool.dist/tcl/msgs/ms.msg
f5b859d8dd2a2b5f756e39b0dfeb26b95878d2f54ba3ce46c56f0f26cf2b554b	265	RESOURCE	TCL_MESSAGE_CATALOG	.msg	NO					TLMTool_2.1.2/TLMTool.dist/tcl/msgs/ms_my.msg
7dbc4e82d82fde8cdf522fa10e082289d46b0c1a4a7d7a5fa83ff116677f052b	717	RESOURCE	TCL_MESSAGE_CATALOG	.msg	NO					TLMTool_2.1.2/TLMTool.dist/tcl/msgs/mt.msg
534c5dacef12f818faf4ed806997a559f95d591f1b6236b0c30b07a107dd13f3	1209	RESOURCE	TCL_MESSAGE_CATALOG	.msg	NO					TLMTool_2.1.2/TLMTool.dist/tcl/msgs/nb.msg
9e2fe3851cf13ec79a9b10a09b01ceb0a26044ae0dc90a4e00be57745e854c79	1129	RESOURCE	TCL_MESSAGE_CATALOG	.msg	NO					TLMTool_2.1.2/TLMTool.dist/tcl/msgs/nl.msg
77a69dd60d171b321512b14794e75a66ff753410c007997b310790d86e09b057	286	RESOURCE	TCL_MESSAGE_CATALOG	.msg	NO					TLMTool_2.1.2/TLMTool.dist/tcl/msgs/nl_be.msg
06fa2d6d8c59d0b8eac2ede5ab0ddb8b6e095d1a023b1966fce3b65916fa14fb	1200	RESOURCE	TCL_MESSAGE_CATALOG	.msg	NO					TLMTool_2.1.2/TLMTool.dist/tcl/msgs/nn.msg
61462c325db0065352d8155307f949869862a86cac67ad7bb6703f57a7fa2ff3	1263	RESOURCE	TCL_MESSAGE_CATALOG	.msg	NO					TLMTool_2.1.2/TLMTool.dist/tcl/msgs/pl.msg
6f6eeeddcf232bdcb952592a144810ced44a1cbb4bcc2c062d5f98d441505380	1177	RESOURCE	TCL_MESSAGE_CATALOG	.msg	NO					TLMTool_2.1.2/TLMTool.dist/tcl/msgs/pt.msg
320be7d5b730091e6fa35f196314737261c8e154577dcf6ac8c2057d44394ad7	286	RESOURCE	TCL_MESSAGE_CATALOG	.msg	NO					TLMTool_2.1.2/TLMTool.dist/tcl/msgs/pt_br.msg
25ed6ac7a353e23b954b98611ae3b7e56bdcf2b0cb0db358253cfb8bebbb831c	1224	RESOURCE	TCL_MESSAGE_CATALOG	.msg	NO					TLMTool_2.1.2/TLMTool.dist/tcl/msgs/ro.msg
bb35bb6f07baef72c329ec3e95d6527a2736070ee2ffe5de227e1ff0332390f8	2091	RESOURCE	TCL_MESSAGE_CATALOG	.msg	NO					TLMTool_2.1.2/TLMTool.dist/tcl/msgs/ru.msg
13e4e79a0ed82034bade0cff8def5de1222f6968108ad710662bdb7daf36d7e1	248	RESOURCE	TCL_MESSAGE_CATALOG	.msg	NO					TLMTool_2.1.2/TLMTool.dist/tcl/msgs/ru_ua.msg
e65d6e5e837df0a2df0db77bce45334bbc27efff9023c37119e75d49932d9d6c	1212	RESOURCE	TCL_MESSAGE_CATALOG	.msg	NO					TLMTool_2.1.2/TLMTool.dist/tcl/msgs/sh.msg
976813f6c53c9bebbf976b0f560fd7fc5e4ec4c574d7e1cd31f9a4056765cb7a	1255	RESOURCE	TCL_MESSAGE_CATALOG	.msg	NO					TLMTool_2.1.2/TLMTool.dist/tcl/msgs/sk.msg
11a6264676dbed87e4f718075127e32e107854f35f141642454f484984084486	1216	RESOURCE	TCL_MESSAGE_CATALOG	.msg	NO					TLMTool_2.1.2/TLMTool.dist/tcl/msgs/sl.msg
1f4efd78f6b45b65f73f09b2f52fc13c2a7c4138dcb7664804878d197b6ebdf9	1321	RESOURCE	TCL_MESSAGE_CATALOG	.msg	NO					TLMTool_2.1.2/TLMTool.dist/tcl/msgs/sq.msg
fa00a7b22c9941f6c2b893f22b703dcb159ca2f2e4005fd6a74a632aeb786bfa	2087	RESOURCE	TCL_MESSAGE_CATALOG	.msg	NO					TLMTool_2.1.2/TLMTool.dist/tcl/msgs/sr.msg
483916b51bd7e071e88f9ec36aaf3e08fea823991532f832de491c6c40b55a9f	1219	RESOURCE	TCL_MESSAGE_CATALOG	.msg	NO					TLMTool_2.1.2/TLMTool.dist/tcl/msgs/sv.msg
1da068c9aa02ef14a2440758c6040d632d96044a20ec501dbb9e40d8592e0e7f	1040	RESOURCE	TCL_MESSAGE_CATALOG	.msg	NO					TLMTool_2.1.2/TLMTool.dist/tcl/msgs/sw.msg
aefdc4255890d5b3ffe5cee1b457b7d711283c2287aba644155c10956012f6c1	1874	RESOURCE	TCL_MESSAGE_CATALOG	.msg	NO					TLMTool_2.1.2/TLMTool.dist/tcl/msgs/ta.msg
4978a193076de56944236f7f1dcecacff739536dfb3dbefc1f7fe2b97a8aeaf4	257	RESOURCE	TCL_MESSAGE_CATALOG	.msg	NO					TLMTool_2.1.2/TLMTool.dist/tcl/msgs/ta_in.msg
9e96c7123100234a7018533764502985a208f2eb3314f5b6332d46016725a63f	2149	RESOURCE	TCL_MESSAGE_CATALOG	.msg	NO					TLMTool_2.1.2/TLMTool.dist/tcl/msgs/te.msg
b110feedda21eccefa624bef8e1476e9f221fb253880ac370967ae4d0237ca7a	419	RESOURCE	TCL_MESSAGE_CATALOG	.msg	NO					TLMTool_2.1.2/TLMTool.dist/tcl/msgs/te_in.msg
48beaf693bf5b6eed15234db0d375b97e6d576a749e9048420c153e6cafc0259	2359	RESOURCE	TCL_MESSAGE_CATALOG	.msg	NO					TLMTool_2.1.2/TLMTool.dist/tcl/msgs/th.msg
4b85b345d6c43f7257c6849a60a492397fd5fd9d82df3a2252189d7a1eccbb64	1183	RESOURCE	TCL_MESSAGE_CATALOG	.msg	NO					TLMTool_2.1.2/TLMTool.dist/tcl/msgs/tr.msg
7093da7e39ceb6d3f51eb6cf1cca2d7f3680ed7b8fe4a5f0ceceef6beb21ac77	2165	RESOURCE	TCL_MESSAGE_CATALOG	.msg	NO					TLMTool_2.1.2/TLMTool.dist/tcl/msgs/uk.msg
e9b7aecd456f1d2288604c982b5ded0dcf71dca968c0b0eaff4ca16cc3b73ec2	1471	RESOURCE	TCL_MESSAGE_CATALOG	.msg	NO					TLMTool_2.1.2/TLMTool.dist/tcl/msgs/vi.msg
eb247f5184a59414d3df7e3eca51f5998c248cfb27d2c02e62a7a30ab35197a7	3385	RESOURCE	TCL_MESSAGE_CATALOG	.msg	NO					TLMTool_2.1.2/TLMTool.dist/tcl/msgs/zh.msg
4c8a855700fefe8ee21b08030ff4159d8011ae50353f063229c42de6292475cf	319	RESOURCE	TCL_MESSAGE_CATALOG	.msg	NO					TLMTool_2.1.2/TLMTool.dist/tcl/msgs/zh_cn.msg
7e1c5bd9ec1a17bb851b0dcabd0dfa9ff9d64b89603d9d3fbeaac609172346ae	780	RESOURCE	TCL_MESSAGE_CATALOG	.msg	NO					TLMTool_2.1.2/TLMTool.dist/tcl/msgs/zh_hk.msg
500546b3211d454659d845b4ab9aef226125100df40407c49530de17cdd4363f	347	RESOURCE	TCL_MESSAGE_CATALOG	.msg	NO					TLMTool_2.1.2/TLMTool.dist/tcl/msgs/zh_sg.msg
dba0584b8e1925b439f06e0bf0965e97afb7eb39e70e0e4c9b70769ebc5f996c	354	RESOURCE	TCL_MESSAGE_CATALOG	.msg	NO					TLMTool_2.1.2/TLMTool.dist/tcl/msgs/zh_tw.msg
67a157f1873d606b53dc4d894bd8e71f6b1a0dd66177b9513bd039b348b40349	33777	RESOURCE	TCL_SCRIPT	.tcl	NO					TLMTool_2.1.2/TLMTool.dist/tcl/opt0.4/optparse.tcl
6a4abd2c519a745325c26fb23be7bbf95252d653a24806eb37fd4aa6a6479afe	620	RESOURCE	TCL_SCRIPT	.tcl	NO					TLMTool_2.1.2/TLMTool.dist/tcl/opt0.4/pkgIndex.tcl
f46ab61cdebe3aa45fa7e61a48930d64a0d0e7e94d04d6bf244f48c36cafe948	23995	RESOURCE	TCL_SCRIPT	.tcl	NO					TLMTool_2.1.2/TLMTool.dist/tcl/package.tcl
e269029c8263e3cbc1920c3604ecdcf15edccb208a0d68f9eb42b73954d620c0	844	RESOURCE	TCL_SCRIPT	.tcl	NO					TLMTool_2.1.2/TLMTool.dist/tcl/parray.tcl
c21dce3ab31893118bbed01e559070f1d3541877fee331bd45f5bf4300ed9654	42223	RESOURCE	TCL_SCRIPT	.tcl	NO					TLMTool_2.1.2/TLMTool.dist/tcl/safe.tcl
ddf7e42def37888ad0a564aa4f8ca95f4eec942cebebfca851d35515104d5c89	5617	RESOURCE	RUNTIME_INDEX_OR_README	<none>	NO					TLMTool_2.1.2/TLMTool.dist/tcl/tclIndex
4b7ed9fd2363d6876092db3f720cbddf97e72b86b519403539ba96e1c815ed8f	12204	RESOURCE	TCL_SCRIPT	.tcl	NO					TLMTool_2.1.2/TLMTool.dist/tcl/tm.tcl
7213997bb9cf9d384a7002b8c8efef25c01aba6083d9835a16d583d5dcee40a0	147	RESOURCE	TCL_TZDATA	<none>	NO					TLMTool_2.1.2/TLMTool.dist/tcl/tzdata/Africa/Abidjan
6040827afed8cef45f252fbd7e3e862c0b5e9d06c1c98c58bad61dfe67bd57cc	183	RESOURCE	TCL_TZDATA	<none>	NO					TLMTool_2.1.2/TLMTool.dist/tcl/tzdata/Africa/Accra
e11fd8ad8572b684333810cfdc23b92e1acf619875866985e288d92f8277d07f	189	RESOURCE	TCL_TZDATA	<none>	NO					TLMTool_2.1.2/TLMTool.dist/tcl/tzdata/Africa/Addis_Ababa
e6874647561ce1c5fd1f650c9b167f77ac5b24fd2026046399a9043cf998e5c4	1080	RESOURCE	TCL_TZDATA	<none>	NO					TLMTool_2.1.2/TLMTool.dist/tcl/tzdata/Africa/Algiers
064eb7f9a1fa05a317c6bdca6b102bc1560d980758f9e4ddb010c9e7dc068ecb	184	RESOURCE	TCL_TZDATA	<none>	NO					TLMTool_2.1.2/TLMTool.dist/tcl/tzdata/Africa/Asmara
76939852a98ea7bf156d0ac18b434cc610daf5232322c0fbb066cd52c5b72af7	184	RESOURCE	TCL_TZDATA	<none>	NO					TLMTool_2.1.2/TLMTool.dist/tcl/tzdata/Africa/Asmera
f6d1ba22115a6565b6d6abeb578f001ddb41e673c422c8ea70d0df77b24115f6	184	RESOURCE	TCL_TZDATA	<none>	NO					TLMTool_2.1.2/TLMTool.dist/tcl/tzdata/Africa/Bamako
5047a507d22b68c9349eb6a48c41c80db4c69f98f99c6574059dea87178e36c0	178	RESOURCE	TCL_TZDATA	<none>	NO					TLMTool_2.1.2/TLMTool.dist/tcl/tzdata/Africa/Bangui
77e610a02ccece3045b09d07a9be6100f5aa9c3c2aeb543535c9ae941194f4e4	184	RESOURCE	TCL_TZDATA	<none>	NO					TLMTool_2.1.2/TLMTool.dist/tcl/tzdata/Africa/Banjul
2a870e534de67713c27f2f3b9bf26fa7498c240cf633988ce76dbdac5b69214d	176	RESOURCE	TCL_TZDATA	<none>	NO					TLMTool_2.1.2/TLMTool.dist/tcl/tzdata/Africa/Bissau
8f700409b8eee33ace5f050414971ffee0270949842e58e9299bb5cd6ccf34de	183	RESOURCE	TCL_TZDATA	<none>	NO					TLMTool_2.1.2/TLMTool.dist/tcl/tzdata/Africa/Blantyre
596db2d64cdd6250642cb65514d5bcb52f3e3ea83f50d8915d9d4fdea008f440	183	RESOURCE	TCL_TZDATA	<none>	NO					TLMTool_2.1.2/TLMTool.dist/tcl/tzdata/Africa/Brazzaville
9a15867255b43a954ca60da11660f157553aab6a15c50acd49d182276e0cf4cc	184	RESOURCE	TCL_TZDATA	<none>	NO					TLMTool_2.1.2/TLMTool.dist/tcl/tzdata/Africa/Bujumbura
8698b0a53d858aea7c495edf759ef0e6c63f7e07a256599393dec7b7a7413734	3852	RESOURCE	TCL_TZDATA	<none>	NO					TLMTool_2.1.2/TLMTool.dist/tcl/tzdata/Africa/Cairo
8776eedfdfee09c4c833593127cefac9c33e2487ab9bf4bf8c73e5e11b4e5613	5532	RESOURCE	TCL_TZDATA	<none>	NO					TLMTool_2.1.2/TLMTool.dist/tcl/tzdata/Africa/Casablanca
8827f7311ede69a9679bdf2b7418dbf350a2fc8f973e8b1e1e4390d4d5c6d2e8	7536	RESOURCE	TCL_TZDATA	<none>	NO					TLMTool_2.1.2/TLMTool.dist/tcl/tzdata/Africa/Ceuta
3176c99fc45337cbce0cd516de4b02b8baa47d00e84f698122a2add57797984e	185	RESOURCE	TCL_TZDATA	<none>	NO					TLMTool_2.1.2/TLMTool.dist/tcl/tzdata/Africa/Conakry
d50f9732757b284bac75526f2cfa585df7f6974160827afb0ff66124c7cfd361	183	RESOURCE	TCL_TZDATA	<none>	NO					TLMTool_2.1.2/TLMTool.dist/tcl/tzdata/Africa/Dakar
ab69948637416219a3d458777990fa4568bebc89388884bbf129c0e1370a560b	191	RESOURCE	TCL_TZDATA	<none>	NO					TLMTool_2.1.2/TLMTool.dist/tcl/tzdata/Africa/Dar_es_Salaam
e7f7560ccd65d53c446adae7128a74d37e17dd0b907a2f2fd85322fb8707b497	186	RESOURCE	TCL_TZDATA	<none>	NO					TLMTool_2.1.2/TLMTool.dist/tcl/tzdata/Africa/Djibouti
fcf2dad148f4d2951320ea99730c56d5eb43d505f37416be4bad265ce2902706	178	RESOURCE	TCL_TZDATA	<none>	NO					TLMTool_2.1.2/TLMTool.dist/tcl/tzdata/Africa/Douala
5fb102a95b3c004aab8371840b1a04ac352f48ff9e9eafdeaaf21960b0f3caa6	5235	RESOURCE	TCL_TZDATA	<none>	NO					TLMTool_2.1.2/TLMTool.dist/tcl/tzdata/Africa/El_Aaiun
bc53a4d489f48f14c594c4b0e52079b34e043a5751bbc7df254a560352243575	186	RESOURCE	TCL_TZDATA	<none>	NO					TLMTool_2.1.2/TLMTool.dist/tcl/tzdata/Africa/Freetown
653af88955c4418d973e2f8681a99552eb7be95bca64c736072f488462f7b373	183	RESOURCE	TCL_TZDATA	<none>	NO					TLMTool_2.1.2/TLMTool.dist/tcl/tzdata/Africa/Gaborone
06b82c524585192e0e8fc69dcc1cf86183a8c5ef404645dc413fcf3f8c16b0ab	181	RESOURCE	TCL_TZDATA	<none>	NO					TLMTool_2.1.2/TLMTool.dist/tcl/tzdata/Africa/Harare
5eef6475e1312051037fcae3354e32dc0910be7a5116b71f8ccbe1cca08d3f1c	309	RESOURCE	TCL_TZDATA	<none>	NO					TLMTool_2.1.2/TLMTool.dist/tcl/tzdata/Africa/Johannesburg
f2646e15488abf2e960759cefe5705416e71da71bb8407b26196244fd1a3394f	1127	RESOURCE	TCL_TZDATA	<none>	NO					TLMTool_2.1.2/TLMTool.dist/tcl/tzdata/Africa/Juba
8ea3028ce2b025f0c457dc8f7601279ca5af565a88b9fe80208f9f1030f2b0d0	185	RESOURCE	TCL_TZDATA	<none>	NO					TLMTool_2.1.2/TLMTool.dist/tcl/tzdata/Africa/Kampala
f475db8a857a46b310b12c21d6a9bc6ca9ff2960da429a9d57fa375f9439e13b	1131	RESOURCE	TCL_TZDATA	<none>	NO					TLMTool_2.1.2/TLMTool.dist/tcl/tzdata/Africa/Khartoum
73feb807006897b4b485cb82394867444e890265efe960ec66d6c0e325da9372	181	RESOURCE	TCL_TZDATA	<none>	NO					TLMTool_2.1.2/TLMTool.dist/tcl/tzdata/Africa/Kigali
611375c4901ad6c4844c2bb7d02fb17f34996f49e642546a6784d6f0b28530cc	180	RESOURCE	TCL_TZDATA	<none>	NO					TLMTool_2.1.2/TLMTool.dist/tcl/tzdata/Africa/Kinshasa
dcc9f52f539a67dfd7abafde072acdae2b67754c559c8a5fe61979f5a286a066	235	RESOURCE	TCL_TZDATA	<none>	NO					TLMTool_2.1.2/TLMTool.dist/tcl/tzdata/Africa/Lagos
ab3e797548c7663cf9aba7fe163635ff7cab9e6cb61fa1644c0f7b4b5cce8b99	182	RESOURCE	TCL_TZDATA	<none>	NO					TLMTool_2.1.2/TLMTool.dist/tcl/tzdata/Africa/Libreville
eaca9124f17e5b11f27d11fa6141d19eb3ac23e155e155b73467bdaa3bc99aa7	182	RESOURCE	TCL_TZDATA	<none>	NO					TLMTool_2.1.2/TLMTool.dist/tcl/tzdata/Africa/Lome
4c2fd1e44dfaaf0c0dd2eb56b84b538f1e2d84b301ab2cfb8ee7759783501444	178	RESOURCE	TCL_TZDATA	<none>	NO					TLMTool_2.1.2/TLMTool.dist/tcl/tzdata/Africa/Luanda
24384eec359fd24d181aaef3c017e3c345490a8d352b29d19b1b143a29a811c2	185	RESOURCE	TCL_TZDATA	<none>	NO					TLMTool_2.1.2/TLMTool.dist/tcl/tzdata/Africa/Lubumbashi
b00801a7279741434d9c2d7ec7322dd93b85ea4f5c9976ab3a43f0ab142e1553	181	RESOURCE	TCL_TZDATA	<none>	NO					TLMTool_2.1.2/TLMTool.dist/tcl/tzdata/Africa/Lusaka
35d56effe9e7e60f17b32bd30486e566b635f0ae7a8948d77395b8e6332e26f1	178	RESOURCE	TCL_TZDATA	<none>	NO					TLMTool_2.1.2/TLMTool.dist/tcl/tzdata/Africa/Malabo
fe6b6a4be1b61f7f909a3f6137530dfe6d1754499a4d9b0d1ce4952fff0ae62d	149	RESOURCE	TCL_TZDATA	<none>	NO					TLMTool_2.1.2/TLMTool.dist/tcl/tzdata/Africa/Maputo
1d80fd86cb733d57d88ecd404e702f750b233ed0ccbfbfffeed1aad3b7f1cb04	199	RESOURCE	TCL_TZDATA	<none>	NO					TLMTool_2.1.2/TLMTool.dist/tcl/tzdata/Africa/Maseru
547197c09c1987350ae5720a4eec7e8d8f4b9f4a0559726e225e13c707f7c564	200	RESOURCE	TCL_TZDATA	<none>	NO					TLMTool_2.1.2/TLMTool.dist/tcl/tzdata/Africa/Mbabane
25e221be49dec5547a74aeb91b0041859c59bc866987272a447ab2343d1cc30c	187	RESOURCE	TCL_TZDATA	<none>	NO					TLMTool_2.1.2/TLMTool.dist/tcl/tzdata/Africa/Mogadishu
2bf0d90610211651127402680519b29ab50b15d344263d0c1a22edebe5e01e27	208	RESOURCE	TCL_TZDATA	<none>	NO					TLMTool_2.1.2/TLMTool.dist/tcl/tzdata/Africa/Monrovia
bd8e9765174431c0d403249d3e881c949c83966e9f8162552da88ae53132467b	277	RESOURCE	TCL_TZDATA	<none>	NO					TLMTool_2.1.2/TLMTool.dist/tcl/tzdata/Africa/Nairobi
9ada5f5afb25e823e1f0e8ad2489aaa1c09f01356634a9403670d7ab21ca2e2c	208	RESOURCE	TCL_TZDATA	<none>	NO					TLMTool_2.1.2/TLMTool.dist/tcl/tzdata/Africa/Ndjamena
b517120ad8db3f21eab4e44a78001ee856eb4ea35852c54cca96d38887debcfa	178	RESOURCE	TCL_TZDATA	<none>	NO					TLMTool_2.1.2/TLMTool.dist/tcl/tzdata/Africa/Niamey
64caf2bf9d45095df97f419714d5617cf6300acdb544b621dce1d594aa9b910c	188	RESOURCE	TCL_TZDATA	<none>	NO					TLMTool_2.1.2/TLMTool.dist/tcl/tzdata/Africa/Nouakchott
03b9c1fe350b5e9f6f333f9519fa394dcc562308d9388a903af3d3fecebdc762	189	RESOURCE	TCL_TZDATA	<none>	NO					TLMTool_2.1.2/TLMTool.dist/tcl/tzdata/Africa/Ouagadougou
8fb8692db9281ae2b087d704168bfd47d3d0901781fef65bfd62fcb213ba6b50	182	RESOURCE	TCL_TZDATA	<none>	NO					TLMTool_2.1.2/TLMTool.dist/tcl/tzdata/Africa/Porto-Novo
ba1d60df2b41320f92a123a714e17e576c89383526b96e0541a464c3fba415b7	234	RESOURCE	TCL_TZDATA	<none>	NO					TLMTool_2.1.2/TLMTool.dist/tcl/tzdata/Africa/Sao_Tome
9d8009acab019b32b1e87ab10e0ac3765abcabe8066318da8ca4905d41562f72	186	RESOURCE	TCL_TZDATA	<none>	NO					TLMTool_2.1.2/TLMTool.dist/tcl/tzdata/Africa/Timbuktu
b447b6b1c351e77f22a2d77c0437f2bbb7d8bdfdfdc3d6285e0d260519cc7110	954	RESOURCE	TCL_TZDATA	<none>	NO					TLMTool_2.1.2/TLMTool.dist/tcl/tzdata/Africa/Tripoli
0760d1028e733888e43e7f1e057217dc2b52786029fcec67b27eb69cc6a54938	1111	RESOURCE	TCL_TZDATA	<none>	NO					TLMTool_2.1.2/TLMTool.dist/tcl/tzdata/Africa/Tunis
dfc3d1fc182b315b31d999bc103c264bd205eb16f971c8636003a71170d7bd7c	1649	RESOURCE	TCL_TZDATA	<none>	NO					TLMTool_2.1.2/TLMTool.dist/tcl/tzdata/Africa/Windhoek
77231d179260c08690a70aee6c2517e4b621ed4794d9aeea7040539f4ff05111	8447	RESOURCE	TCL_TZDATA	<none>	NO					TLMTool_2.1.2/TLMTool.dist/tcl/tzdata/America/Adak
de7fbe2b3ed780c6b82099e1e249dd41f4452a3adb9dd807b1d0ec06049c2302	8685	RESOURCE	TCL_TZDATA	<none>	NO					TLMTool_2.1.2/TLMTool.dist/tcl/tzdata/America/Anchorage
f38610019c0a2c18ac71f5aa108b9647d9b5c01dcb55211afb8312308c41fe70	202	RESOURCE	TCL_TZDATA	<none>	NO					TLMTool_2.1.2/TLMTool.dist/tcl/tzdata/America/Anguilla
561e58e11dc5a86cae04b5cb40f43efcff9abc0c841fac094619e9c5e0b403f8	201	RESOURCE	TCL_TZDATA	<none>	NO					TLMTool_2.1.2/TLMTool.dist/tcl/tzdata/America/Antigua
b1327cbec20a21e3ff873e28a2edfa271ee3a5c01933779300eabd6b185da010	1782	RESOURCE	TCL_TZDATA	<none>	NO					TLMTool_2.1.2/TLMTool.dist/tcl/tzdata/America/Araguaina
bc86ac89121ec4aa302f6259ccc97effd7022dc6cee3b291c57da72b6ea0c558	2048	RESOURCE	TCL_TZDATA	<none>	NO					TLMTool_2.1.2/TLMTool.dist/tcl/tzdata/America/Argentina/Buenos_Aires
a516bb0937977ef949d47b3c8675e30f1ca6c34f8bd298dcf6ebb943580d5317	2077	RESOURCE	TCL_TZDATA	<none>	NO					TLMTool_2.1.2/TLMTool.dist/tcl/tzdata/America/Argentina/Catamarca
8ccd6fc77d55582938f1912b1ba66035882d1bfc18a797c631e5e89abfbf570b	242	RESOURCE	TCL_TZDATA	<none>	NO					TLMTool_2.1.2/TLMTool.dist/tcl/tzdata/America/Argentina/ComodRivadavia
fa75e274240a341c6bfe3539cfdc114d125aeaea3161d3c2409347cf8046042a	2043	RESOURCE	TCL_TZDATA	<none>	NO					TLMTool_2.1.2/TLMTool.dist/tcl/tzdata/America/Argentina/Cordoba
43eb79abc03cbac661c563de1bc09d9dd855cbc72dd2b6467ea98f0f90421ba9	2041	RESOURCE	TCL_TZDATA	<none>	NO					TLMTool_2.1.2/TLMTool.dist/tcl/tzdata/America/Argentina/Jujuy
2b018b791e48269fa9eda12662ffec3e2dc33603a918e8b735b8d7d6beb3b3aa	2106	RESOURCE	TCL_TZDATA	<none>	NO					TLMTool_2.1.2/TLMTool.dist/tcl/tzdata/America/Argentina/La_Rioja
dc39400bbfd5bdddc174fe099194806fbfd3fc3aa20e670d67be0ac35fe97ad4	2077	RESOURCE	TCL_TZDATA	<none>	NO					TLMTool_2.1.2/TLMTool.dist/tcl/tzdata/America/Argentina/Mendoza
a05b6708deff0607396bfc6661c2287341c3432841ae353d94a67ac742b5fafa	2080	RESOURCE	TCL_TZDATA	<none>	NO					TLMTool_2.1.2/TLMTool.dist/tcl/tzdata/America/Argentina/Rio_Gallegos
caefc60f2f36ef9ffe0c5921c3c392de1e95755683a96c1c4ec0ba2c242a4d84	2011	RESOURCE	TCL_TZDATA	<none>	NO					TLMTool_2.1.2/TLMTool.dist/tcl/tzdata/America/Argentina/Salta
41b2c25e42146a76934b866061bb3245b8ada0ff4e1bfba6f8842a30bdd5c132	2106	RESOURCE	TCL_TZDATA	<none>	NO					TLMTool_2.1.2/TLMTool.dist/tcl/tzdata/America/Argentina/San_Juan
a43b35f25e54ef359d046e33281c0a978f0ee8811c93a6809f1f65750878bbb6	2081	RESOURCE	TCL_TZDATA	<none>	NO					TLMTool_2.1.2/TLMTool.dist/tcl/tzdata/America/Argentina/San_Luis
0f7db23e1280fc19a1fb716e09a9699ada2aae24084cad472b4c325cc9783ccf	2105	RESOURCE	TCL_TZDATA	<none>	NO					TLMTool_2.1.2/TLMTool.dist/tcl/tzdata/America/Argentina/Tucuman
10b6ff51314d8ee1d010187d8805c4e3d71b778bc6decb26e66193a5bb3e9ea2	2075	RESOURCE	TCL_TZDATA	<none>	NO					TLMTool_2.1.2/TLMTool.dist/tcl/tzdata/America/Argentina/Ushuaia
7490cd66408b8a14c549278fe67dc3338fe9e458f423f01ccbea00b5e6f6cef6	199	RESOURCE	TCL_TZDATA	<none>	NO					TLMTool_2.1.2/TLMTool.dist/tcl/tzdata/America/Aruba
eaefe21276ee60c7f876c1d65039999ac069339dcdb82a23fc9206c274510575	7944	RESOURCE	TCL_TZDATA	<none>	NO					TLMTool_2.1.2/TLMTool.dist/tcl/tzdata/America/Asuncion
518beb6e54ae811f8c725ea8cc42787d48fc605a3476d6e7a00a1b5733cbd6ac	187	RESOURCE	TCL_TZDATA	<none>	NO					TLMTool_2.1.2/TLMTool.dist/tcl/tzdata/America/Atikokan
1d6fee336e71fffb64874a830c976867c071ebf6b133c296b32f87e3e7d814c9	177	RESOURCE	TCL_TZDATA	<none>	NO					TLMTool_2.1.2/TLMTool.dist/tcl/tzdata/America/Atka
64f1ec14f6b43ff10b564f839152e88df9262f0947d1db347557fa902f6fd48c	2012	RESOURCE	TCL_TZDATA	<none>	NO					TLMTool_2.1.2/TLMTool.dist/tcl/tzdata/America/Bahia
b24ae5fa20f5329644529f660eec8baa3b966f9730af58f1c21e94c02ae17228	6847	RESOURCE	TCL_TZDATA	<none>	NO					TLMTool_2.1.2/TLMTool.dist/tcl/tzdata/America/Bahia_Banderas
fd5e04136506c6543a9acdc890a30bcf0d561148e1063ec857e3913de1eba404	648	RESOURCE	TCL_TZDATA	<none>	NO					TLMTool_2.1.2/TLMTool.dist/tcl/tzdata/America/Barbados
549625ccb30bd0e025bac47668ba3aa0cdd8569e5887e483c8d62b5b7302fa50	1031	RESOURCE	TCL_TZDATA	<none>	NO					TLMTool_2.1.2/TLMTool.dist/tcl/tzdata/America/Belem
e07f45264e28fd5aa54bd48cb701658509829cf989ec9bd79498d070a1ba270f	3284	RESOURCE	TCL_TZDATA	<none>	NO					TLMTool_2.1.2/TLMTool.dist/tcl/tzdata/America/Belize
facd0a835d1f425cd323ee453ade231810b2d1cf6eba227ba1b50522ae3879f7	206	RESOURCE	TCL_TZDATA	<none>	NO					TLMTool_2.1.2/TLMTool.dist/tcl/tzdata/America/Blanc-Sablon
10592ea1cb0d02c06a61059ec601f70a706a5053ac923b9eed29388d5e71ef3a	1199	RESOURCE	TCL_TZDATA	<none>	NO					TLMTool_2.1.2/TLMTool.dist/tcl/tzdata/America/Boa_Vista
b6adc16815dc95e537548ca3572d7f93626a6d1dc390dd4cbabab5ab855bba30	246	RESOURCE	TCL_TZDATA	<none>	NO					TLMTool_2.1.2/TLMTool.dist/tcl/tzdata/America/Bogota
93af910cb2ad2203b71c1ad49d56df4a4a14d07f885afd4e755271f1372a517c	8605	RESOURCE	TCL_TZDATA	<none>	NO					TLMTool_2.1.2/TLMTool.dist/tcl/tzdata/America/Boise
defc5c9da2d4d4146145a50d692a6bff698c3b0a1f19efd82ad0ee7678f39fcf	239	RESOURCE	TCL_TZDATA	<none>	NO					TLMTool_2.1.2/TLMTool.dist/tcl/tzdata/America/Buenos_Aires
3e0506a54b562dbc3aa6889ddd39b327fe0b85c63b00f0b39d606921a0936a59	7739	RESOURCE	TCL_TZDATA	<none>	NO					TLMTool_2.1.2/TLMTool.dist/tcl/tzdata/America/Cambridge_Bay
6d5bd1355016b03edea58df98bec26281cd372725b2dcb60b4d748d2fb4346c8	2918	RESOURCE	TCL_TZDATA	<none>	NO					TLMTool_2.1.2/TLMTool.dist/tcl/tzdata/America/Campo_Grande
fd6c370f82e5cfe374637e0e222e72570857ac3f85143beeef9c3d0e7a6c0d04	1412	RESOURCE	TCL_TZDATA	<none>	NO					TLMTool_2.1.2/TLMTool.dist/tcl/tzdata/America/Cancun
d558c25f165e956e980aa8f554ab3bf24e91b51eadbd2b1065ef6dfda0e2f984	284	RESOURCE	TCL_TZDATA	<none>	NO					TLMTool_2.1.2/TLMTool.dist/tcl/tzdata/America/Caracas
37cd6bdaa6c6eedfac3288ca1c11f5cbbe8a17e5f2e790e7635a64b867afbd87	227	RESOURCE	TCL_TZDATA	<none>	NO					TLMTool_2.1.2/TLMTool.dist/tcl/tzdata/America/Catamarca
873285f3e13cb68dd28eb109ecad8d260e11a9ff6df6a4e8e0d4c00b0182695b	185	RESOURCE	TCL_TZDATA	<none>	NO					TLMTool_2.1.2/TLMTool.dist/tcl/tzdata/America/Cayenne
c38c49ae1c3e67bd2118002dcfcc3c0efb6892fb9b0106908a9282c414d0bf2e	185	RESOURCE	TCL_TZDATA	<none>	NO					TLMTool_2.1.2/TLMTool.dist/tcl/tzdata/America/Cayman
c7707af88d650f90839e7258356e39d85228b33b6dbcc5c065c3d8733ae28cee	11372	RESOURCE	TCL_TZDATA	<none>	NO					TLMTool_2.1.2/TLMTool.dist/tcl/tzdata/America/Chicago
a816dc1c4c2fb7509a50cb209d748dac27c5f858a2842d7e12b2ec620fea988b	6814	RESOURCE	TCL_TZDATA	<none>	NO					TLMTool_2.1.2/TLMTool.dist/tcl/tzdata/America/Chihuahua
c8cbf5a29cc1d0827390ca6e98b2efcf90743c6dd0eca143b300050dd4164041	192	RESOURCE	TCL_TZDATA	<none>	NO					TLMTool_2.1.2/TLMTool.dist/tcl/tzdata/America/Coral_Harbour
28b84710eadef7ad5e7fa63ef519a9d93996d3bb91dd9018333de3ac4d8fb8dd	219	RESOURCE	TCL_TZDATA	<none>	NO					TLMTool_2.1.2/TLMTool.dist/tcl/tzdata/America/Cordoba
e3061dc6fa9f869f013351a9fdf420448592d7f959c2b4404093432508146f7e	431	RESOURCE	TCL_TZDATA	<none>	NO					TLMTool_2.1.2/TLMTool.dist/tcl/tzdata/America/Costa_Rica
a01ddb460420c8765ce8ef7a7d031abd7bdb17cfa548e7c3b8574c388aa21e17	189	RESOURCE	TCL_TZDATA	<none>	NO					TLMTool_2.1.2/TLMTool.dist/tcl/tzdata/America/Creston
2d8281cf3fd9e859c5206f781e264854fa876cb36562a08c6c01343c65f8a508	2912	RESOURCE	TCL_TZDATA	<none>	NO					TLMTool_2.1.2/TLMTool.dist/tcl/tzdata/America/Cuiaba
accf08cf53c9431e226714df8bede3c91baf62d5bd7b98ca8b50d7258124d129	201	RESOURCE	TCL_TZDATA	<none>	NO					TLMTool_2.1.2/TLMTool.dist/tcl/tzdata/America/Curacao
968c56f1d0106e1d92c7b094eef528b6ee1ffa3d7a18be2f2ba59178c2c0f1e0	1128	RESOURCE	TCL_TZDATA	<none>	NO					TLMTool_2.1.2/TLMTool.dist/tcl/tzdata/America/Danmarkshavn
30e875343c81c8de473e6313a27c55315f38e7ccdbd2cee5783ec54d269d5807	2967	RESOURCE	TCL_TZDATA	<none>	NO					TLMTool_2.1.2/TLMTool.dist/tcl/tzdata/America/Dawson
540804becdeab92340ef02d32a62bfd550b71a3db8d829be426ee4d210004643	1940	RESOURCE	TCL_TZDATA	<none>	NO					TLMTool_2.1.2/TLMTool.dist/tcl/tzdata/America/Dawson_Creek
3fe2ee8c05c5d6f268b58bd9fc3e3a845dea257473b29f7b3fb403e917448f3c	8920	RESOURCE	TCL_TZDATA	<none>	NO					TLMTool_2.1.2/TLMTool.dist/tcl/tzdata/America/Denver
84f6897b87d3978d30d35097b78c55434ce55eb65d6e488a391dfc3b3bb5a8fe	8430	RESOURCE	TCL_TZDATA	<none>	NO					TLMTool_2.1.2/TLMTool.dist/tcl/tzdata/America/Detroit
3da98aa7d3085845779be8ed6c93ccbda92191f17ca67bbf779803e21da2abf3	202	RESOURCE	TCL_TZDATA	<none>	NO					TLMTool_2.1.2/TLMTool.dist/tcl/tzdata/America/Dominica
026d51d73d30a3710288f440e0c337e44e3a14d0aa2d7b6c6e53af43fc72a90c	8600	RESOURCE	TCL_TZDATA	<none>	NO					TLMTool_2.1.2/TLMTool.dist/tcl/tzdata/America/Edmonton
48fc987e5999ea79f24797e0450fe4dab7cf320dfad7a47a8a1e037077ec42c9	1230	RESOURCE	TCL_TZDATA	<none>	NO					TLMTool_2.1.2/TLMTool.dist/tcl/tzdata/America/Eirunepe
c02c6e79398553bd07bea0be4b7f0ebdd8bc821595909cffb49de4290a0d1d0f	279	RESOURCE	TCL_TZDATA	<none>	NO					TLMTool_2.1.2/TLMTool.dist/tcl/tzdata/America/El_Salvador
3e363bf82545f24cce8cfa6eec97ba6e1c2a7730b2a9ce6c48f784821d308a5d	190	RESOURCE	TCL_TZDATA	<none>	NO					TLMTool_2.1.2/TLMTool.dist/tcl/tzdata/America/Ensenada
ab15023807e7c7d1026c9970d190f1b405d48952464025242c2bb6c6bbb8391a	4578	RESOURCE	TCL_TZDATA	<none>	NO					TLMTool_2.1.2/TLMTool.dist/tcl/tzdata/America/Fort_Nelson
c8948616262cf6990739343abbbd237e572db49310099e21dd8f9e317f7d11b3	231	RESOURCE	TCL_TZDATA	<none>	NO					TLMTool_2.1.2/TLMTool.dist/tcl/tzdata/America/Fort_Wayne
c0a836bdaf07f0376b7b0833a0ab3d52ba6e3e1d6f95e247e1ad351cd1096066	1423	RESOURCE	TCL_TZDATA	<none>	NO					TLMTool_2.1.2/TLMTool.dist/tcl/tzdata/America/Fortaleza
58c207cbd9de7a7bb15e48a62cea9f15da184b945133dee88eff29fd8b66b29e	8372	RESOURCE	TCL_TZDATA	<none>	NO					TLMTool_2.1.2/TLMTool.dist/tcl/tzdata/America/Glace_Bay
5fb2cfba25ce2f49d4c3911aff8e7e1ff84efc2d01f5783772e88246bfbc56ac	180	RESOURCE	TCL_TZDATA	<none>	NO					TLMTool_2.1.2/TLMTool.dist/tcl/tzdata/America/Godthab
52d2478289682bf95bfb93d64d679e888c9d23c0f68dfff7e6e34bfc44b3d892	10353	RESOURCE	TCL_TZDATA	<none>	NO					TLMTool_2.1.2/TLMTool.dist/tcl/tzdata/America/Goose_Bay
560b39485ced4c2a0e85a66eb875331e5879104187d92cb7f05c2f635e34ac99	7522	RESOURCE	TCL_TZDATA	<none>	NO					TLMTool_2.1.2/TLMTool.dist/tcl/tzdata/America/Grand_Turk
ebed070e8e67c5f12ff6e03fe508be90789f17c793dfe61237b4045b8222580f	201	RESOURCE	TCL_TZDATA	<none>	NO					TLMTool_2.1.2/TLMTool.dist/tcl/tzdata/America/Grenada
6cb1930532831d12057fcb484c60db64a60a4f6d8195dafd464826923116a294	204	RESOURCE	TCL_TZDATA	<none>	NO					TLMTool_2.1.2/TLMTool.dist/tcl/tzdata/America/Guadeloupe
14f6a98d602f3648c816b110f3a0ba375e1ffe8fa06beeab419dc1abfa6edcaf	399	RESOURCE	TCL_TZDATA	<none>	NO					TLMTool_2.1.2/TLMTool.dist/tcl/tzdata/America/Guatemala
6806aa5814bdc679c6ef653c518d2699114be71d973f49c0864f622038dc2048	249	RESOURCE	TCL_TZDATA	<none>	NO					TLMTool_2.1.2/TLMTool.dist/tcl/tzdata/America/Guayaquil
4078d2e361d04a66f22f652e3810cdf7f630cf89399b47e4ec7b1d32b400fd85	248	RESOURCE	TCL_TZDATA	<none>	NO					TLMTool_2.1.2/TLMTool.dist/tcl/tzdata/America/Guyana
01e11c7b07925d05e9e1876c310a2b87e0e80ef115d062225212e472b7a964f1	11124	RESOURCE	TCL_TZDATA	<none>	NO					TLMTool_2.1.2/TLMTool.dist/tcl/tzdata/America/Halifax
96b62bfbf0c05cf970245597c691f89ebf631175796459642a85287f131d0215	8729	RESOURCE	TCL_TZDATA	<none>	NO					TLMTool_2.1.2/TLMTool.dist/tcl/tzdata/America/Havana
7391a186f8de1fdd5a61b3887e65dcdb4a2186bfd36bbffb464b63d9775e922a	616	RESOURCE	TCL_TZDATA	<none>	NO					TLMTool_2.1.2/TLMTool.dist/tcl/tzdata/America/Hermosillo
4b114545167326f066ab3a798180896b43ac6fdc3b80d32bcc917b5a4a2359eb	7230	RESOURCE	TCL_TZDATA	<none>	NO					TLMTool_2.1.2/TLMTool.dist/tcl/tzdata/America/Indiana/Indianapolis
f1253f5f3f5aacd1a5e1f4636dd4e083f4b2a8bd995cf3e684cdd384641849f1	8755	RESOURCE	TCL_TZDATA	<none>	NO					TLMTool_2.1.2/TLMTool.dist/tcl/tzdata/America/Indiana/Knox
675162381639598e7100e90663d42780f8ee1cb62bd6da5b948b494f98c02fe3	7273	RESOURCE	TCL_TZDATA	<none>	NO					TLMTool_2.1.2/TLMTool.dist/tcl/tzdata/America/Indiana/Marengo
23b8fa75ce0a9555dfd84549723a12679ff7fc5faa58e4b745ba3c547071ff53	7611	RESOURCE	TCL_TZDATA	<none>	NO					TLMTool_2.1.2/TLMTool.dist/tcl/tzdata/America/Indiana/Petersburg
d368123db703b55244700876906775837d408c274c5a5801d80b77eadb6d5853	7100	RESOURCE	TCL_TZDATA	<none>	NO					TLMTool_2.1.2/TLMTool.dist/tcl/tzdata/America/Indiana/Tell_City
0623233aa39a1a82038a56df255adf49e648777375b8499491c8897ebea1cdf1	6563	RESOURCE	TCL_TZDATA	<none>	NO					TLMTool_2.1.2/TLMTool.dist/tcl/tzdata/America/Indiana/Vevay
b8452b6aa739a78ac6d03806463b03d4175639593e19faa3ca4b0d0fb77f18c9	7226	RESOURCE	TCL_TZDATA	<none>	NO					TLMTool_2.1.2/TLMTool.dist/tcl/tzdata/America/Indiana/Vincennes
4b293fdb7680c4597b8c885333719214492ecf09bd5ea342d1ec15f2bf9c8605	7410	RESOURCE	TCL_TZDATA	<none>	NO					TLMTool_2.1.2/TLMTool.dist/tcl/tzdata/America/Indiana/Winamac
437da148b94dba4cea402169878541db9c3419abab6750d1c36625dd3053019e	233	RESOURCE	TCL_TZDATA	<none>	NO					TLMTool_2.1.2/TLMTool.dist/tcl/tzdata/America/Indianapolis
5a1f7f5edad0251b73c33e7b5ddee194646e9d3992b169dc1a64d155765d472c	7638	RESOURCE	TCL_TZDATA	<none>	NO					TLMTool_2.1.2/TLMTool.dist/tcl/tzdata/America/Inuvik
afc4627879f4a618f5e3ba9ea123f3212e161f4ccfd0df46f3b6b7cd2e2c0d7e	7671	RESOURCE	TCL_TZDATA	<none>	NO					TLMTool_2.1.2/TLMTool.dist/tcl/tzdata/America/Iqaluit
4b9d5177cba057cd53d53120a49b8a47eccb00150018581a84851e9d5437d643	847	RESOURCE	TCL_TZDATA	<none>	NO					TLMTool_2.1.2/TLMTool.dist/tcl/tzdata/America/Jamaica
4a0495852cd4d0652b82fb57024645916db8f192eef9a82afd580d87f4d496ed	211	RESOURCE	TCL_TZDATA	<none>	NO					TLMTool_2.1.2/TLMTool.dist/tcl/tzdata/America/Jujuy
5fbe6a1fa2d3dfe23c7378e425f32bebca44735da25ea075a7e5ce24bfd4049d	8682	RESOURCE	TCL_TZDATA	<none>	NO					TLMTool_2.1.2/TLMTool.dist/tcl/tzdata/America/Juneau
9eb1f2b19c44a55d6cc9fd1465baf6535856941c067831e4b5e0494665014bf5	9553	RESOURCE	TCL_TZDATA	<none>	NO					TLMTool_2.1.2/TLMTool.dist/tcl/tzdata/America/Kentucky/Louisville
1c6c7fb0ae628eb6bb305b51859c4e5594a6b0876c386ed9c1c3355e7cb37ae1	8558	RESOURCE	TCL_TZDATA	<none>	NO					TLMTool_2.1.2/TLMTool.dist/tcl/tzdata/America/Kentucky/Monticello
d66e77e6ff789d4d6ca13cdb204b977e1fe64be9afee7b41f2c17ed8217fd025	204	RESOURCE	TCL_TZDATA	<none>	NO					TLMTool_2.1.2/TLMTool.dist/tcl/tzdata/America/Knox_IN
5af9b28c48661fdc81762d249b716ba077f0a40ecf431d34a893bb7eaba57965	204	RESOURCE	TCL_TZDATA	<none>	NO					TLMTool_2.1.2/TLMTool.dist/tcl/tzdata/America/Kralendijk
5488d98aa3c29d710c6af92c42ace36550a5bff78c155cdf8769ee31f71cf033	218	RESOURCE	TCL_TZDATA	<none>	NO					TLMTool_2.1.2/TLMTool.dist/tcl/tzdata/America/La_Paz
6e01002f264df9a6fc247f95399f4f42dccc7ab890b0c259de93dcc97dec89ce	460	RESOURCE	TCL_TZDATA	<none>	NO					TLMTool_2.1.2/TLMTool.dist/tcl/tzdata/America/Lima
da3f7572f04e6ae78b8f044761e6f48d37ee259a9c1fe15a67072cc64a299fdb	9726	RESOURCE	TCL_TZDATA	<none>	NO					TLMTool_2.1.2/TLMTool.dist/tcl/tzdata/America/Los_Angeles
f85c1253f4c1d3e85757d3dea4fd3c61f1aa7be6baae8cb8579278412905acb2	228	RESOURCE	TCL_TZDATA	<none>	NO					TLMTool_2.1.2/TLMTool.dist/tcl/tzdata/America/Louisville
1e786229b84ce86db6316b24c85f7cf4cfe66011f973053ad0e108bfcc9a9de2	207	RESOURCE	TCL_TZDATA	<none>	NO					TLMTool_2.1.2/TLMTool.dist/tcl/tzdata/America/Lower_Princes
f65c5957d434a87324aad35991e7666e426a20c40432540d9a3cb1eee9141761	1539	RESOURCE	TCL_TZDATA	<none>	NO					TLMTool_2.1.2/TLMTool.dist/tcl/tzdata/America/Maceio
f0f0cce8de92d848a62b56ef48e01d763b80153c077230c435d464cf1733ba38	611	RESOURCE	TCL_TZDATA	<none>	NO					TLMTool_2.1.2/TLMTool.dist/tcl/tzdata/America/Managua
dc54e6d4fe14458b0462fa0e15b960fd4290930adc0d13453bf49b436ed8c143	1166	RESOURCE	TCL_TZDATA	<none>	NO					TLMTool_2.1.2/TLMTool.dist/tcl/tzdata/America/Manaus
5c26d7ce93f91cc4f5ed87e9388b1b180ef9d84681044fd23cc01a628a1284ca	201	RESOURCE	TCL_TZDATA	<none>	NO					TLMTool_2.1.2/TLMTool.dist/tcl/tzdata/America/Marigot
d411fb42798e93b106275ec0e054f8f3c4e9fb49431c656448739c7f20c46ede	251	RESOURCE	TCL_TZDATA	<none>	NO					TLMTool_2.1.2/TLMTool.dist/tcl/tzdata/America/Martinique
6738b94878d0cf4d88206858aba03d18b0a2de71d8f051b7d19c2c367dd59d79	6745	RESOURCE	TCL_TZDATA	<none>	NO					TLMTool_2.1.2/TLMTool.dist/tcl/tzdata/America/Matamoros
f1e4e853758a3d79013d5b24ae45fdfd41a7c110949a5c5db96cf14b479fa741	6841	RESOURCE	TCL_TZDATA	<none>	NO					TLMTool_2.1.2/TLMTool.dist/tcl/tzdata/America/Mazatlan
d6b308a1619f2de450dacbfef0e11b237df7375a80c90899dd02b827688cb4b8	219	RESOURCE	TCL_TZDATA	<none>	NO					TLMTool_2.1.2/TLMTool.dist/tcl/tzdata/America/Mendoza
b0863f8b66f0848020651b69e7997307d62209259ae653fdc1a0fafc8e793068	8410	RESOURCE	TCL_TZDATA	<none>	NO					TLMTool_2.1.2/TLMTool.dist/tcl/tzdata/America/Menominee
2b4facfc69a195c646842a8b47afe76d755ceedad536dee7ece79302baf97223	6651	RESOURCE	TCL_TZDATA	<none>	NO					TLMTool_2.1.2/TLMTool.dist/tcl/tzdata/America/Merida
2574831391092ad44d7b2806eef30d59ce3bae872111917dd39ec51efdd62e5f	6705	RESOURCE	TCL_TZDATA	<none>	NO					TLMTool_2.1.2/TLMTool.dist/tcl/tzdata/America/Metlakatla
3458eaf721c1cdf565b5addb487b4f1b93fa46744e9e5fc91d74787173b233a4	7035	RESOURCE	TCL_TZDATA	<none>	NO					TLMTool_2.1.2/TLMTool.dist/tcl/tzdata/America/Mexico_City
1b131ac968f95652667bd7eb1f6d667c8f679b31270d82b4b4271e787386ccca	7080	RESOURCE	TCL_TZDATA	<none>	NO					TLMTool_2.1.2/TLMTool.dist/tcl/tzdata/America/Miquelon
d977d045de5cdaeb41189b91963e03ef845ca4b45e496649b4cb541ee1b5dd22	10507	RESOURCE	TCL_TZDATA	<none>	NO					TLMTool_2.1.2/TLMTool.dist/tcl/tzdata/America/Moncton
63813975bc90a2ae8a6500d7a3173a3c81c060f8b5aaa3e86d5fdc4d5f06abd8	6714	RESOURCE	TCL_TZDATA	<none>	NO					TLMTool_2.1.2/TLMTool.dist/tcl/tzdata/America/Monterrey
214f97a3bcb2378cce23d280ea6a3b691604f82e383628f666be585bb8494932	2936	RESOURCE	TCL_TZDATA	<none>	NO					TLMTool_2.1.2/TLMTool.dist/tcl/tzdata/America/Montevideo
97f48948ef5108fe1f42d548ea47c88d4b51bf1896ee92634c7ed55555b06dbd	190	RESOURCE	TCL_TZDATA	<none>	NO					TLMTool_2.1.2/TLMTool.dist/tcl/tzdata/America/Montreal
6c3ee46983a3daa91c9adf4b18d6b4b80f1505b0057569b66d5b465d4c09b9c1	204	RESOURCE	TCL_TZDATA	<none>	NO					TLMTool_2.1.2/TLMTool.dist/tcl/tzdata/America/Montserrat
a889810b8bb42cd206d8f8961164ad03ccfbb1924d583075489f78afa10eaf67	188	RESOURCE	TCL_TZDATA	<none>	NO					TLMTool_2.1.2/TLMTool.dist/tcl/tzdata/America/Nassau
7ba7da179aa7df26ac25e7accd9bd83784174445285a0d9ccbd7d6a9aa34f4bc	11373	RESOURCE	TCL_TZDATA	<none>	NO					TLMTool_2.1.2/TLMTool.dist/tcl/tzdata/America/New_York
bb4ba3c15c626f6f94ac026a7c3d5dfe3854b17cbfa3f540ffaffd9d5b491083	8100	RESOURCE	TCL_TZDATA	<none>	NO					TLMTool_2.1.2/TLMTool.dist/tcl/tzdata/America/Nipigon
8e971c9560cce548b46626d072e62ab0f4c9682bf6a6abfb4d0e8d63745402fe	8680	RESOURCE	TCL_TZDATA	<none>	NO					TLMTool_2.1.2/TLMTool.dist/tcl/tzdata/America/Nome
9011c76295e6b17cc1973876b497bee21b9e6562fb25df66140f811a1ffa9765	1397	RESOURCE	TCL_TZDATA	<none>	NO					TLMTool_2.1.2/TLMTool.dist/tcl/tzdata/America/Noronha
d0d8b108453265b60f525a4ec04de9555087cd6ac5ddba980b3a96cf0fcd68d1	8557	RESOURCE	TCL_TZDATA	<none>	NO					TLMTool_2.1.2/TLMTool.dist/tcl/tzdata/America/North_Dakota/Beulah
abc2b6c97d9e9fba37ac582adba2ce996890d090060e083405d75cdaed9eabe0	8557	RESOURCE	TCL_TZDATA	<none>	NO					TLMTool_2.1.2/TLMTool.dist/tcl/tzdata/America/North_Dakota/Center
8803ff7c81c933b57178b9d3c502fb4268d9aa594a3c638a7f17af60b12d300d	8560	RESOURCE	TCL_TZDATA	<none>	NO					TLMTool_2.1.2/TLMTool.dist/tcl/tzdata/America/North_Dakota/New_Salem
12917daaa60134bfe56e6979bb27b58a3f295c32bae02b233e849bced6b8bca2	7429	RESOURCE	TCL_TZDATA	<none>	NO					TLMTool_2.1.2/TLMTool.dist/tcl/tzdata/America/Nuuk
549e92bdec98d21c5c4a996f954671a2f0262463415bf294d122500246309bc4	6843	RESOURCE	TCL_TZDATA	<none>	NO					TLMTool_2.1.2/TLMTool.dist/tcl/tzdata/America/Ojinaga
990213dde00adceb74c8d1ecaf81b9c77963e4ab1f35767f7349236fc8e917df	186	RESOURCE	TCL_TZDATA	<none>	NO					TLMTool_2.1.2/TLMTool.dist/tcl/tzdata/America/Panama
1fb962ecc1e5f02e1001c70460fff720b114554f9aa7956d6da154dbea87b4d7	7736	RESOURCE	TCL_TZDATA	<none>	NO					TLMTool_2.1.2/TLMTool.dist/tcl/tzdata/America/Pangnirtung
b3ee44b3526bedfc25b806371d3c465fdbd6cc647f30bf093750651e4a0c1be4	253	RESOURCE	TCL_TZDATA	<none>	NO					TLMTool_2.1.2/TLMTool.dist/tcl/tzdata/America/Paramaribo
dfa0ec91804b789a1a7e1b1977710435d2589a5b54c1579c8e1f5bf96d2fd007	496	RESOURCE	TCL_TZDATA	<none>	NO					TLMTool_2.1.2/TLMTool.dist/tcl/tzdata/America/Phoenix
a89c580899ad2ff8df45a783bb90d501dc32c28b92931ca18abd13453e76244b	6613	RESOURCE	TCL_TZDATA	<none>	NO					TLMTool_2.1.2/TLMTool.dist/tcl/tzdata/America/Port-au-Prince
a4952380c89a6903ffe5bf8707b94b1bb72568ffd03db04bf4d98e38ac82eeb7	207	RESOURCE	TCL_TZDATA	<none>	NO					TLMTool_2.1.2/TLMTool.dist/tcl/tzdata/America/Port_of_Spain
52921eea2a1925df06cea4638ed4128faaa8fba40ed4e0741650b419e5152dcb	201	RESOURCE	TCL_TZDATA	<none>	NO					TLMTool_2.1.2/TLMTool.dist/tcl/tzdata/America/Porto_Acre
e6e6f6753e7d443052a64d4db07b8d443ce13a573946e7d0a19cdd4bba4a2f04	1051	RESOURCE	TCL_TZDATA	<none>	NO					TLMTool_2.1.2/TLMTool.dist/tcl/tzdata/America/Porto_Velho
2981248a9f14ebfc8791ec5453170376cbd549557e495ea0e331cc18556c958e	283	RESOURCE	TCL_TZDATA	<none>	NO					TLMTool_2.1.2/TLMTool.dist/tcl/tzdata/America/Puerto_Rico
22418567d55a0e38cab005665271d9279a384856fdf0ce5a9aeabdcd66ccbc72	3698	RESOURCE	TCL_TZDATA	<none>	NO					TLMTool_2.1.2/TLMTool.dist/tcl/tzdata/America/Punta_Arenas
b1630fa919d652f30d23253e1c561bb76fb4d28844a2f614d08b0a25b17cfb27	8104	RESOURCE	TCL_TZDATA	<none>	NO					TLMTool_2.1.2/TLMTool.dist/tcl/tzdata/America/Rainy_River
aa8866d58beab07548180628ff423887bbf48aadb1b55392b288f7310f94a9b1	7614	RESOURCE	TCL_TZDATA	<none>	NO					TLMTool_2.1.2/TLMTool.dist/tcl/tzdata/America/Rankin_Inlet
a36ad4614fc9a2a433712b555156ede03980b88eb91d8dc7e8b10451d6d7f7d3	1420	RESOURCE	TCL_TZDATA	<none>	NO					TLMTool_2.1.2/TLMTool.dist/tcl/tzdata/America/Recife
50105e788288cf4c680b29bbdcde94d8713a5361b38c6c469fd97cf05503ff7d	1781	RESOURCE	TCL_TZDATA	<none>	NO					TLMTool_2.1.2/TLMTool.dist/tcl/tzdata/America/Regina
643cc43e3f906779c040e1f0c20e78d6e95cc7301b3c7370a8adbcbd76a8c5e8	7610	RESOURCE	TCL_TZDATA	<none>	NO					TLMTool_2.1.2/TLMTool.dist/tcl/tzdata/America/Resolute
28082d20872b61d6098d31d1c40f12464a946a933cd9af74475c5af384210890	1112	RESOURCE	TCL_TZDATA	<none>	NO					TLMTool_2.1.2/TLMTool.dist/tcl/tzdata/America/Rio_Branco
0117d33d4f326aa536162d36a02439fbd5f2eb3b4f540b5ba91ed7747ddac180	219	RESOURCE	TCL_TZDATA	<none>	NO					TLMTool_2.1.2/TLMTool.dist/tcl/tzdata/America/Rosario
3b4c2f3a5b9cd22a73f05187c032723d07bb53c9946d04d35e1ba1cb90ca0a62	194	RESOURCE	TCL_TZDATA	<none>	NO					TLMTool_2.1.2/TLMTool.dist/tcl/tzdata/America/Santa_Isabel
4a397bd937de1d7e6a941d18001b34d4cd195aefd08951c30c7ee8e48656aa0e	1079	RESOURCE	TCL_TZDATA	<none>	NO					TLMTool_2.1.2/TLMTool.dist/tcl/tzdata/America/Santarem
b2d7fd4db34800c9ef9bd73cddb1105543cced05f3e2ac99f3e5e2f6cf340ae2	8871	RESOURCE	TCL_TZDATA	<none>	NO					TLMTool_2.1.2/TLMTool.dist/tcl/tzdata/America/Santiago
2217e72b11a90f2d679c175de3cc0f2fed4c280c9ff9707cffaf118bf9a06a4b	616	RESOURCE	TCL_TZDATA	<none>	NO					TLMTool_2.1.2/TLMTool.dist/tcl/tzdata/America/Santo_Domingo
0e7ba1c5a3fa3dabdaa226bfe1e8d797a3835ea554828881ab5e365eda09b92e	2900	RESOURCE	TCL_TZDATA	<none>	NO					TLMTool_2.1.2/TLMTool.dist/tcl/tzdata/America/Sao_Paulo
158bd9e4eb0b9dff3f2d3e2dba72f217b73423012dd33a688fd57852124e884a	6839	RESOURCE	TCL_TZDATA	<none>	NO					TLMTool_2.1.2/TLMTool.dist/tcl/tzdata/America/Scoresbysund
bf4fab3ae72cc7fa4f9e34cf0551a85c54a084cd826df5d9cc684de6188e84db	187	RESOURCE	TCL_TZDATA	<none>	NO					TLMTool_2.1.2/TLMTool.dist/tcl/tzdata/America/Shiprock
abb08435cae80119068a85984bffe9c1596f4fb90f07cc01124c907e5162c189	8651	RESOURCE	TCL_TZDATA	<none>	NO					TLMTool_2.1.2/TLMTool.dist/tcl/tzdata/America/Sitka
353cdbd46ba8c7472a93e9e800a69105801f6784b22ec50a59294cdc3be40e18	207	RESOURCE	TCL_TZDATA	<none>	NO					TLMTool_2.1.2/TLMTool.dist/tcl/tzdata/America/St_Barthelemy
e2917204b0c843c32051bb371cf6d0ad272c02720b9c0d913ac072c8abe1ec64	11289	RESOURCE	TCL_TZDATA	<none>	NO					TLMTool_2.1.2/TLMTool.dist/tcl/tzdata/America/St_Johns
edb9457a7c64e47062bdc6458fd3bcfcd6c37820f1a2bc89dfe99ed77355011f	202	RESOURCE	TCL_TZDATA	<none>	NO					TLMTool_2.1.2/TLMTool.dist/tcl/tzdata/America/St_Kitts
6727a509bb937cb3446d41b57826de70c7028e96f088ab5b7f803beaa18279e8	202	RESOURCE	TCL_TZDATA	<none>	NO					TLMTool_2.1.2/TLMTool.dist/tcl/tzdata/America/St_Lucia
974aeed3d79124b50265c83d84f23cbe4f0328d00c75f42dd3abc5d4c0a78de1	203	RESOURCE	TCL_TZDATA	<none>	NO					TLMTool_2.1.2/TLMTool.dist/tcl/tzdata/America/St_Thomas
6b19404d295964ef66f47802836bb728fce8e6481115797c0b5f200c354d7c8a	204	RESOURCE	TCL_TZDATA	<none>	NO					TLMTool_2.1.2/TLMTool.dist/tcl/tzdata/America/St_Vincent
939b25c9412b9e25d73f552e87826999fc8c929770e66491d1e4530046d3e758	874	RESOURCE	TCL_TZDATA	<none>	NO					TLMTool_2.1.2/TLMTool.dist/tcl/tzdata/America/Swift_Current
1f0503579b0dddbaf88814a278127d9cd7019edd3c35f4cbfc0ef11c0edafe5b	341	RESOURCE	TCL_TZDATA	<none>	NO					TLMTool_2.1.2/TLMTool.dist/tcl/tzdata/America/Tegucigalpa
7fb0cbb101d3b6fbb6b9dad5446bbf9e6aec65ec38472739e604f68f6aa9ab7b	6890	RESOURCE	TCL_TZDATA	<none>	NO					TLMTool_2.1.2/TLMTool.dist/tcl/tzdata/America/Thule
0f95ce0a36415b43e7b5e6cd790d3bd9ef6d53f4b7aa0235360c0847cbb3f0c1	8330	RESOURCE	TCL_TZDATA	<none>	NO					TLMTool_2.1.2/TLMTool.dist/tcl/tzdata/America/Thunder_Bay
fe3681f580ed7f3f2fd21f510dff1bef81bd521737f5846fa15fd309e44e69be	8755	RESOURCE	TCL_TZDATA	<none>	NO					TLMTool_2.1.2/TLMTool.dist/tcl/tzdata/America/Tijuana
5a98c6bedda4df608051d702a8e037093a8068e1b85f8f55d42b4468f45662a5	11248	RESOURCE	TCL_TZDATA	<none>	NO					TLMTool_2.1.2/TLMTool.dist/tcl/tzdata/America/Toronto
46a236ec38f3a122d414208328a462b2a937392ecc6c55f673fb7a402f118d96	201	RESOURCE	TCL_TZDATA	<none>	NO					TLMTool_2.1.2/TLMTool.dist/tcl/tzdata/America/Tortola
00b5fb8f37dff43925c501aeab039f39f058e002572c4203286317046cc1d700	9815	RESOURCE	TCL_TZDATA	<none>	NO					TLMTool_2.1.2/TLMTool.dist/tcl/tzdata/America/Vancouver
561d9d04b0ce0f96a9c351c7d5c30aa1d5a42a3d70066cd9af0da6cbc5388dbe	200	RESOURCE	TCL_TZDATA	<none>	NO					TLMTool_2.1.2/TLMTool.dist/tcl/tzdata/America/Virgin
8e0bc71bd7146145dde3c064ae205df08124fe2402853a9655b0eb799e90f31f	2971	RESOURCE	TCL_TZDATA	<none>	NO					TLMTool_2.1.2/TLMTool.dist/tcl/tzdata/America/Whitehorse
f3fc5f6d93d1d9eb0f3ded33873f33c47f841797d96439966f8e0a5a189941fa	9695	RESOURCE	TCL_TZDATA	<none>	NO					TLMTool_2.1.2/TLMTool.dist/tcl/tzdata/America/Winnipeg
79b44f245d86a4ec299d1a9a2edb2ab92d50ab5a7c1c03759d283ac4070f9005	8683	RESOURCE	TCL_TZDATA	<none>	NO					TLMTool_2.1.2/TLMTool.dist/tcl/tzdata/America/Yakutat
b33838f12640c64ba4f10f50657ec4d8d5b30fd226da4aca21b169b53ad30576	7737	RESOURCE	TCL_TZDATA	<none>	NO					TLMTool_2.1.2/TLMTool.dist/tcl/tzdata/America/Yellowknife
04247acb2b4fa126d13f4573ff74d15a89cf42b2c5cd7e688d5bb1c1fd3972bf	478	RESOURCE	TCL_TZDATA	<none>	NO					TLMTool_2.1.2/TLMTool.dist/tcl/tzdata/Antarctica/Casey
2f36d2e13d7e251322b7a7b30f39645393525ceb49a2b5c26f27797f2aaf4d7f	324	RESOURCE	TCL_TZDATA	<none>	NO					TLMTool_2.1.2/TLMTool.dist/tcl/tzdata/Antarctica/Davis
96f2ab9a9ffcd10598fdf105f68460cc4b4ebc1f18054d1bc8e39df6ad24d1ac	214	RESOURCE	TCL_TZDATA	<none>	NO					TLMTool_2.1.2/TLMTool.dist/tcl/tzdata/Antarctica/DumontDUrville
c4ea7f1c0b5a0fae653419f1c6d058bddd745a3cdba11900005c157df23ddc01	8447	RESOURCE	TCL_TZDATA	<none>	NO					TLMTool_2.1.2/TLMTool.dist/tcl/tzdata/Antarctica/Macquarie
aca533b8bc82296373edec82f6e0aa45a34d817c7c18ff5e8e94b81c0bd30259	180	RESOURCE	TCL_TZDATA	<none>	NO					TLMTool_2.1.2/TLMTool.dist/tcl/tzdata/Antarctica/Mawson
e9d99293c5b275d8e0d7b066084177edf670d5b52b81e87608bab02025f33155	195	RESOURCE	TCL_TZDATA	<none>	NO					TLMTool_2.1.2/TLMTool.dist/tcl/tzdata/Antarctica/McMurdo
1637381a20e9d5c6a530f110bdb08d9515e675c9206f000407d8511074948e61	2613	RESOURCE	TCL_TZDATA	<none>	NO					TLMTool_2.1.2/TLMTool.dist/tcl/tzdata/Antarctica/Palmer
943f10d8e836773f0b7acd13ed8422c0b27813c7bbe0b09b57697d1d70d21ece	151	RESOURCE	TCL_TZDATA	<none>	NO					TLMTool_2.1.2/TLMTool.dist/tcl/tzdata/Antarctica/Rothera
88057832175bb642b23fc99f788a2f78a24005cf1f84a7b1b5e8c84fb8f4d4c1	198	RESOURCE	TCL_TZDATA	<none>	NO					TLMTool_2.1.2/TLMTool.dist/tcl/tzdata/Antarctica/South_Pole
2488805de4fea42305689f679f1ae2d80b1e934e657fea329ad39a82dac63022	178	RESOURCE	TCL_TZDATA	<none>	NO					TLMTool_2.1.2/TLMTool.dist/tcl/tzdata/Antarctica/Syowa
6fd5ab8b7b308cdcea4b747a81d8675988ae218813c91714fc4ca97919cebea5	5370	RESOURCE	TCL_TZDATA	<none>	NO					TLMTool_2.1.2/TLMTool.dist/tcl/tzdata/Antarctica/Troll
1efdae8a23ba4ee37e7992f3c9dcada6c2e95af82a955a4c6597e7295c950855	150	RESOURCE	TCL_TZDATA	<none>	NO					TLMTool_2.1.2/TLMTool.dist/tcl/tzdata/Antarctica/Vostok
944a38702a5176a082755897f1e4b1c88d5721cb499245e2fe51d2cfd849a23f	181	RESOURCE	TCL_TZDATA	<none>	NO					TLMTool_2.1.2/TLMTool.dist/tcl/tzdata/Arctic/Longyearbyen
8fcddb246932baed880b70c0ca867057e7989aea55eddc174430e1055cd1058d	171	RESOURCE	TCL_TZDATA	<none>	NO					TLMTool_2.1.2/TLMTool.dist/tcl/tzdata/Asia/Aden
06dc608c0b8cdd69cce66a6bf86f141c46df39cb45312e684e46f19ed8caff15	1637	RESOURCE	TCL_TZDATA	<none>	NO					TLMTool_2.1.2/TLMTool.dist/tcl/tzdata/Asia/Almaty
aa5e87c065e5aa4516f1aa50e1840ee22683d3b4c25a4e00ca92c53f96c6d062	7301	RESOURCE	TCL_TZDATA	<none>	NO					TLMTool_2.1.2/TLMTool.dist/tcl/tzdata/Asia/Amman
d9df64fda4638f7604624b0f68a885d5abadb1de12af1af5581c2af7dd971562	2086	RESOURCE	TCL_TZDATA	<none>	NO					TLMTool_2.1.2/TLMTool.dist/tcl/tzdata/Asia/Anadyr
96b510af9b8c6bc1dfa84e9ed5e072f3fd484eeb66bbebc7b6826ed859ed9027	1665	RESOURCE	TCL_TZDATA	<none>	NO					TLMTool_2.1.2/TLMTool.dist/tcl/tzdata/Asia/Aqtau
991638fa2ab2a2f7a091a23d78d99306ee73a740f1a03fbac448edcab55a0e38	1666	RESOURCE	TCL_TZDATA	<none>	NO					TLMTool_2.1.2/TLMTool.dist/tcl/tzdata/Asia/Aqtobe
13745bfa25e6e2d8d0fabae42cb7c37cf9f974cfb343d4fe84e4e2d64a25926b	878	RESOURCE	TCL_TZDATA	<none>	NO					TLMTool_2.1.2/TLMTool.dist/tcl/tzdata/Asia/Ashgabat
2c752f641b98e3c05b14ae31330d1f198daa4a7e354ba9670c7754926bfb891a	182	RESOURCE	TCL_TZDATA	<none>	NO					TLMTool_2.1.2/TLMTool.dist/tcl/tzdata/Asia/Ashkhabad
4b7b118e6ae72d41740cf0cb2bd8e970700758dcbc0dd6f298199d841df8408e	1666	RESOURCE	TCL_TZDATA	<none>	NO					TLMTool_2.1.2/TLMTool.dist/tcl/tzdata/Asia/Atyrau
d20b75d2604c3b742c1629c5ee02cff6783e472249982b272b68f2a6de9bdc38	1702	RESOURCE	TCL_TZDATA	<none>	NO					TLMTool_2.1.2/TLMTool.dist/tcl/tzdata/Asia/Baghdad
3d437037fbf2bbdf969c8e71967080947f24860d431b39f5d8f23151316abcd5	171	RESOURCE	TCL_TZDATA	<none>	NO					TLMTool_2.1.2/TLMTool.dist/tcl/tzdata/Asia/Bahrain
873e8f08b87610d0dafe239d32345248a4595c6b13d1da83ec214d78e88fa12c	2149	RESOURCE	TCL_TZDATA	<none>	NO					TLMTool_2.1.2/TLMTool.dist/tcl/tzdata/Asia/Baku
6e72ba908f250fd45d554a12e3e7b3bd2f1c02a6c2431f806fd2a054f843aa90	181	RESOURCE	TCL_TZDATA	<none>	NO					TLMTool_2.1.2/TLMTool.dist/tcl/tzdata/Asia/Bangkok
992f93a7975f8cd4e94d96b3ba1ecfb3585e52a53f4442a15993402d3f955f66	2117	RESOURCE	TCL_TZDATA	<none>	NO					TLMTool_2.1.2/TLMTool.dist/tcl/tzdata/Asia/Barnaul
17af14646d562afe17dccfd1d2fba95c122f3e0263906a36eb48bff04acf233e	8024	RESOURCE	TCL_TZDATA	<none>	NO					TLMTool_2.1.2/TLMTool.dist/tcl/tzdata/Asia/Beirut
1d5e9a8f6a04273af741f648ef10718b004a60d7884fe432ddf85a8f558bea98	1669	RESOURCE	TCL_TZDATA	<none>	NO					TLMTool_2.1.2/TLMTool.dist/tcl/tzdata/Asia/Bishkek
a4216b59f2478de7e88a99e2b11bbbd93070477d7e62bfd453d1ca430ebb4834	182	RESOURCE	TCL_TZDATA	<none>	NO					TLMTool_2.1.2/TLMTool.dist/tcl/tzdata/Asia/Brunei
1baef7850111d2c33b2a766a8ae804534aba1711bf80a4087a89656ddd8469d5	178	RESOURCE	TCL_TZDATA	<none>	NO					TLMTool_2.1.2/TLMTool.dist/tcl/tzdata/Asia/Calcutta
10b6f435b05d887176a4d90ca5ac957f327f62f36f15d6f6e4f81844662429b9	2086	RESOURCE	TCL_TZDATA	<none>	NO					TLMTool_2.1.2/TLMTool.dist/tcl/tzdata/Asia/Chita
94b2c14ef45c695ef6b19d94722e1bcbb629a595f2866dba80f00a66721040b5	1619	RESOURCE	TCL_TZDATA	<none>	NO					TLMTool_2.1.2/TLMTool.dist/tcl/tzdata/Asia/Choibalsan
a87382dc5f3c3141547a65e3746af1daf94b51468b96da6cef30e95754c97d37	182	RESOURCE	TCL_TZDATA	<none>	NO					TLMTool_2.1.2/TLMTool.dist/tcl/tzdata/Asia/Chongqing
d6d2b4a761c547f1f853ae901ac71ab49fbe825037079c4e0c89dc940ae4a822	182	RESOURCE	TCL_TZDATA	<none>	NO					TLMTool_2.1.2/TLMTool.dist/tcl/tzdata/Asia/Chungking
e5b5e6d607a15da65cb00c92c35a63eaf25f547e64cb34bb419cb8cfc2714b1b	369	RESOURCE	TCL_TZDATA	<none>	NO					TLMTool_2.1.2/TLMTool.dist/tcl/tzdata/Asia/Colombo
b3ad560f66ea330e54a147017e6e6ab64452a5255d097b962d540836d7b19ee7	169	RESOURCE	TCL_TZDATA	<none>	NO					TLMTool_2.1.2/TLMTool.dist/tcl/tzdata/Asia/Dacca
7d44f4c16e862752d399999b9f0b1e4e8ed5d80c1322a980094801dd8a4a03eb	8311	RESOURCE	TCL_TZDATA	<none>	NO					TLMTool_2.1.2/TLMTool.dist/tcl/tzdata/Asia/Damascus
bfc4562055cc4355e79f9efaa580a4c6a658285916159a5d390a0cda96a97e98	364	RESOURCE	TCL_TZDATA	<none>	NO					TLMTool_2.1.2/TLMTool.dist/tcl/tzdata/Asia/Dhaka
8bc2e0d77ac35b6d63e11b820ac45ec23a4195ed773680c600c772fdf4b953f8	235	RESOURCE	TCL_TZDATA	<none>	NO					TLMTool_2.1.2/TLMTool.dist/tcl/tzdata/Asia/Dili
3db174f1568bc23bf467a3dc7baf8a2a2952b70653d4de54f4db391ec50b6925	148	RESOURCE	TCL_TZDATA	<none>	NO					TLMTool_2.1.2/TLMTool.dist/tcl/tzdata/Asia/Dubai
550db44595f59d0f151be4af70d6fece20580ab687ef45de2a0a75fb2515ac80	820	RESOURCE	TCL_TZDATA	<none>	NO					TLMTool_2.1.2/TLMTool.dist/tcl/tzdata/Asia/Dushanbe
8cfe85c48fc22033411432f8b75ee4c097a5d84897698cb1afd5ab51c47ff5a3	7597	RESOURCE	TCL_TZDATA	<none>	NO					TLMTool_2.1.2/TLMTool.dist/tcl/tzdata/Asia/Famagusta
f030e2b3dbca556c36602fbf234c7db7d4f222d02cfab192288e91e6a1bf3c90	8427	RESOURCE	TCL_TZDATA	<none>	NO					TLMTool_2.1.2/TLMTool.dist/tcl/tzdata/Asia/Gaza
12811a7944b892e3d1c0b4b09057cc1899f28081b3cd47ffd248ba49ba308af0	179	RESOURCE	TCL_TZDATA	<none>	NO					TLMTool_2.1.2/TLMTool.dist/tcl/tzdata/Asia/Harbin
2c126ba5f78cf7a13fbdfe00f647bb29e2ac104b89ab51b39281047d9b2e45a7	8402	RESOURCE	TCL_TZDATA	<none>	NO					TLMTool_2.1.2/TLMTool.dist/tcl/tzdata/Asia/Hebron
fe977368691f4fa43d068cd8d989f39d2aec46d199d7d629b8dd3ecf7423a335	395	RESOURCE	TCL_TZDATA	<none>	NO					TLMTool_2.1.2/TLMTool.dist/tcl/tzdata/Asia/Ho_Chi_Minh
ee9a6997bc1aad4a8fa95db312774c3f37fbb895549230c30fc66c02cc170eb6	2226	RESOURCE	TCL_TZDATA	<none>	NO					TLMTool_2.1.2/TLMTool.dist/tcl/tzdata/Asia/Hong_Kong
ca88a45e954a9854c680b399e69e4858bf5e861fabfadc19d62d97b734b25415	1583	RESOURCE	TCL_TZDATA	<none>	NO					TLMTool_2.1.2/TLMTool.dist/tcl/tzdata/Asia/Hovd
61baaad6315ffbdaed6f266880165b06eccaf72f660b7fb01c8b654f3952d68e	2089	RESOURCE	TCL_TZDATA	<none>	NO					TLMTool_2.1.2/TLMTool.dist/tcl/tzdata/Asia/Irkutsk
1f77c4bd27574e1d2066885def01806a02d3e444424a219a8ec5c114f89665e5	187	RESOURCE	TCL_TZDATA	<none>	NO					TLMTool_2.1.2/TLMTool.dist/tcl/tzdata/Asia/Istanbul
2f39d9f93761b85c254f458317a7de2b4184be9459f2193a85c08662e801269a	370	RESOURCE	TCL_TZDATA	<none>	NO					TLMTool_2.1.2/TLMTool.dist/tcl/tzdata/Asia/Jakarta
761c1e80febf46d6d6215cebf211f121974156d9bce2fb4258c1074c6ed2ce22	213	RESOURCE	TCL_TZDATA	<none>	NO					TLMTool_2.1.2/TLMTool.dist/tcl/tzdata/Asia/Jayapura
0bdc2c693134199c2ecd374cc01468813db29df47422c706a3ea2be5ecca177a	8135	RESOURCE	TCL_TZDATA	<none>	NO					TLMTool_2.1.2/TLMTool.dist/tcl/tzdata/Asia/Jerusalem
a59c95c038f2e945d685d96fa9b859ce82a643a1b7f56eb36b2c809de91cd4ba	180	RESOURCE	TCL_TZDATA	<none>	NO					TLMTool_2.1.2/TLMTool.dist/tcl/tzdata/Asia/Kabul
6e0278e389072437bc07a5032cd58e9e5b1b2bdb20918632c422efa97bc43abf	2060	RESOURCE	TCL_TZDATA	<none>	NO					TLMTool_2.1.2/TLMTool.dist/tcl/tzdata/Asia/Kamchatka
4e7f7acae8b4018a835328744f680c8054771805bb0bb07678a09737963c090d	457	RESOURCE	TCL_TZDATA	<none>	NO					TLMTool_2.1.2/TLMTool.dist/tcl/tzdata/Asia/Karachi
7b2251f0a41cbadf45d69f24604834167b14d8d33b510e635719ab404cabbce2	174	RESOURCE	TCL_TZDATA	<none>	NO					TLMTool_2.1.2/TLMTool.dist/tcl/tzdata/Asia/Kashgar
f0a0816e62036637f75081cbf17a1e6b8fbc2d86aec3cd2e234bbbdd6ec9f109	185	RESOURCE	TCL_TZDATA	<none>	NO					TLMTool_2.1.2/TLMTool.dist/tcl/tzdata/Asia/Kathmandu
9acc9586b6f8b53bfe8b242283a434a9a9633d60559ebfdee263b4c8915d50ca	184	RESOURCE	TCL_TZDATA	<none>	NO					TLMTool_2.1.2/TLMTool.dist/tcl/tzdata/Asia/Katmandu
33203d7fb7f3d1f848640ece0642a2305e1863b4d47413075e2e7e40bd7418e7	2119	RESOURCE	TCL_TZDATA	<none>	NO					TLMTool_2.1.2/TLMTool.dist/tcl/tzdata/Asia/Khandyga
6d464564ed2efc9dada1586d4fc99fe333726d2be15a00e30c2391f588896463	336	RESOURCE	TCL_TZDATA	<none>	NO					TLMTool_2.1.2/TLMTool.dist/tcl/tzdata/Asia/Kolkata
53b8d5e7fb1bd67fece66a933d9bdbb773f14a8c04d316a2a1b00ec6dbc151dd	2062	RESOURCE	TCL_TZDATA	<none>	NO					TLMTool_2.1.2/TLMTool.dist/tcl/tzdata/Asia/Krasnoyarsk
25a8328b309b68da85c7a800086a1e4d3c62b96ad97fef24fc429a14c50e762b	375	RESOURCE	TCL_TZDATA	<none>	NO					TLMTool_2.1.2/TLMTool.dist/tcl/tzdata/Asia/Kuala_Lumpur
6e35e560675b0b5322474900d4ec8326c504788c1f82e533b09785deeff092df	669	RESOURCE	TCL_TZDATA	<none>	NO					TLMTool_2.1.2/TLMTool.dist/tcl/tzdata/Asia/Kuching
8e0c60a9aa64fb8602edc35311f7436b04853970a21c1f6c871494a09aad5787	173	RESOURCE	TCL_TZDATA	<none>	NO					TLMTool_2.1.2/TLMTool.dist/tcl/tzdata/Asia/Kuwait
4308d741c83b263c7c9fb8ec692a7b7b502135e407b265b12ea7ef92523455c0	169	RESOURCE	TCL_TZDATA	<none>	NO					TLMTool_2.1.2/TLMTool.dist/tcl/tzdata/Asia/Macao
fbcb92cecb1cb0bc284adc30d70c5f57b3afc992136a0d898abc64490bb700fb	2217	RESOURCE	TCL_TZDATA	<none>	NO					TLMTool_2.1.2/TLMTool.dist/tcl/tzdata/Asia/Macau
0c6eeeb7975a95c2b0678d137e6a735238d244a37fa11078050051511de499fe	2088	RESOURCE	TCL_TZDATA	<none>	NO					TLMTool_2.1.2/TLMTool.dist/tcl/tzdata/Asia/Magadan
30d8ab00e32ece51442c0310e650d89d6989e0809600ee334cb10c506d84bf9d	243	RESOURCE	TCL_TZDATA	<none>	NO					TLMTool_2.1.2/TLMTool.dist/tcl/tzdata/Asia/Makassar
070d61a0e39643a700aba89a8a4be5733ba456958966098405e11ecdfa854d76	421	RESOURCE	TCL_TZDATA	<none>	NO					TLMTool_2.1.2/TLMTool.dist/tcl/tzdata/Asia/Manila
011b7de1c9f7ec241b224bc864d8ae66acb433fbc8ad939e4dbeb12be6390243	170	RESOURCE	TCL_TZDATA	<none>	NO					TLMTool_2.1.2/TLMTool.dist/tcl/tzdata/Asia/Muscat
3c3e4844c70d361893ef022d6c3c8e38b243e91d40c5a726c924355476816f25	7625	RESOURCE	TCL_TZDATA	<none>	NO					TLMTool_2.1.2/TLMTool.dist/tcl/tzdata/Asia/Nicosia
96a445d47d834c28480d1e2036eca4962b35afa494c219065d4879f71c1830db	2063	RESOURCE	TCL_TZDATA	<none>	NO					TLMTool_2.1.2/TLMTool.dist/tcl/tzdata/Asia/Novokuznetsk
ef799077291f6b3b19e0aec88f224bb592faad09d30740f2376d3d20f2169639	2121	RESOURCE	TCL_TZDATA	<none>	NO					TLMTool_2.1.2/TLMTool.dist/tcl/tzdata/Asia/Novosibirsk
2605cd1e26e4ab48bcb4399bb5b17bad115a47f87ba3dd54b55bb50c3fe82606	2055	RESOURCE	TCL_TZDATA	<none>	NO					TLMTool_2.1.2/TLMTool.dist/tcl/tzdata/Asia/Omsk
933bbcd7ae0bf59a5b4a6e0ef74c237feedc42e6a3aeb2158131aa70fba6fe47	1664	RESOURCE	TCL_TZDATA	<none>	NO					TLMTool_2.1.2/TLMTool.dist/tcl/tzdata/Asia/Oral
dcee88876d00396918f43deca421b6c9b02f84b5866a2ce16e641b814b390a9f	180	RESOURCE	TCL_TZDATA	<none>	NO					TLMTool_2.1.2/TLMTool.dist/tcl/tzdata/Asia/Phnom_Penh
ac8370aedf5fe3fe1e80710ce117dee23815be377d418e4b4f3259a1930e8dbf	369	RESOURCE	TCL_TZDATA	<none>	NO					TLMTool_2.1.2/TLMTool.dist/tcl/tzdata/Asia/Pontianak
29ba17f756f5c0bba30febf44e620504d04921c832bd1cb56e1b60ef288b57df	273	RESOURCE	TCL_TZDATA	<none>	NO					TLMTool_2.1.2/TLMTool.dist/tcl/tzdata/Asia/Pyongyang
18cca69f933795ce3f7db31506efc063e6ce1dfdcab32aa387c398456d7f7e1f	176	RESOURCE	TCL_TZDATA	<none>	NO					TLMTool_2.1.2/TLMTool.dist/tcl/tzdata/Asia/Qatar
4191629b874c988291e8fd13e675a3ed685d677f6541313975fc4610e47f1dcd	1668	RESOURCE	TCL_TZDATA	<none>	NO					TLMTool_2.1.2/TLMTool.dist/tcl/tzdata/Asia/Qostanay
cd6b067aa3ef6935b4e89ca36e6a03fcb97f1e0ee61a7b5d46c06bf4de140774	1670	RESOURCE	TCL_TZDATA	<none>	NO					TLMTool_2.1.2/TLMTool.dist/tcl/tzdata/Asia/Qyzylorda
e4d2c38d8e7377a528291a88129cdac40ca4d40a5f1cd8adb98228527556906e	174	RESOURCE	TCL_TZDATA	<none>	NO					TLMTool_2.1.2/TLMTool.dist/tcl/tzdata/Asia/Rangoon
411e31d09ffa48e44169c42661ae2f7fc142460bcaa216837d8c4740983ca7bd	148	RESOURCE	TCL_TZDATA	<none>	NO					TLMTool_2.1.2/TLMTool.dist/tcl/tzdata/Asia/Riyadh
c695981a0df691c3f4509999fbc52858adc75024cccbdefbe1094fed17e809e4	188	RESOURCE	TCL_TZDATA	<none>	NO					TLMTool_2.1.2/TLMTool.dist/tcl/tzdata/Asia/Saigon
d7d0ea5cef908442ab0d777a4b097bed18540cd5280ff63f33dd989e27e72908	2117	RESOURCE	TCL_TZDATA	<none>	NO					TLMTool_2.1.2/TLMTool.dist/tcl/tzdata/Asia/Sakhalin
35e4b905723891281d9a6a0a1fd3760a3a48136e1419c686be31ace83bf7aa9d	879	RESOURCE	TCL_TZDATA	<none>	NO					TLMTool_2.1.2/TLMTool.dist/tcl/tzdata/Asia/Samarkand
c4f82c94650572fe4d03bc1fe54ced8f4bf55dfbee855d52de3ea6378240af93	985	RESOURCE	TCL_TZDATA	<none>	NO					TLMTool_2.1.2/TLMTool.dist/tcl/tzdata/Asia/Seoul
3aabb42d9efe95d906b7f34640e7815919a1a20979ebb6ec1527fcaa3b09b22a	981	RESOURCE	TCL_TZDATA	<none>	NO					TLMTool_2.1.2/TLMTool.dist/tcl/tzdata/Asia/Shanghai
05c76b58a4e356fd358e24fbc71fae98dcb18c441c8d8cbb13a18d4f6e406062	372	RESOURCE	TCL_TZDATA	<none>	NO					TLMTool_2.1.2/TLMTool.dist/tcl/tzdata/Asia/Singapore
705d6d8360c2dcd51e909e39e1910fe876145220d151031612da36b247207395	2064	RESOURCE	TCL_TZDATA	<none>	NO					TLMTool_2.1.2/TLMTool.dist/tcl/tzdata/Asia/Srednekolymsk
389c9d3ee2970665d0d8c5cb61b8b790c5fbddc0df0bf2b9753046f5953a477f	1344	RESOURCE	TCL_TZDATA	<none>	NO					TLMTool_2.1.2/TLMTool.dist/tcl/tzdata/Asia/Taipei
4445f3f892c7267a6867009cc1a3f0b0548d0240408375a9d15360b28993c2a9	878	RESOURCE	TCL_TZDATA	<none>	NO					TLMTool_2.1.2/TLMTool.dist/tcl/tzdata/Asia/Tashkent
b637bb0e49144c717e99e93540cb2c4d3695d63b91fe42547f2f0aa006498693	1729	RESOURCE	TCL_TZDATA	<none>	NO					TLMTool_2.1.2/TLMTool.dist/tcl/tzdata/Asia/Tbilisi
a78655218a749f4abca436be818e84d3277220ff3e69be20a786aadf8ac744f9	7250	RESOURCE	TCL_TZDATA	<none>	NO					TLMTool_2.1.2/TLMTool.dist/tcl/tzdata/Asia/Tehran
07537a30e6236d9e334dafd5c4d352d25fdef95d6dc7496f5d93efab74d9ebb1	184	RESOURCE	TCL_TZDATA	<none>	NO					TLMTool_2.1.2/TLMTool.dist/tcl/tzdata/Asia/Tel_Aviv
37459c17b59639df62b3f3943751902ce6aaf1f11b7630069db45052ebefb5b9	176	RESOURCE	TCL_TZDATA	<none>	NO					TLMTool_2.1.2/TLMTool.dist/tcl/tzdata/Asia/Thimbu
b797c74e3840298c3cd8149fc8aa4bce839efe79e7c3310986ff23c965607929	180	RESOURCE	TCL_TZDATA	<none>	NO					TLMTool_2.1.2/TLMTool.dist/tcl/tzdata/Asia/Thimphu
3da522fa88541a375d53f30a0b62dc4a305fa0315fee534b7998c9e0a239450a	388	RESOURCE	TCL_TZDATA	<none>	NO					TLMTool_2.1.2/TLMTool.dist/tcl/tzdata/Asia/Tokyo
6b64a01d0f0b5ec7a1410c3bd6883ba7cc133e9f073d40e8bfece037e3a3fa24	2116	RESOURCE	TCL_TZDATA	<none>	NO					TLMTool_2.1.2/TLMTool.dist/tcl/tzdata/Asia/Tomsk
732751845acedbffd3c6170f4b94cb20b25bfdcfcc5eea19f4be439f5c5b573a	186	RESOURCE	TCL_TZDATA	<none>	NO					TLMTool_2.1.2/TLMTool.dist/tcl/tzdata/Asia/Ujung_Pandang
a56a26981163a717cf388a423cfe7a2bad1be8652be2e338670cbc0c0a70e5e9	1590	RESOURCE	TCL_TZDATA	<none>	NO					TLMTool_2.1.2/TLMTool.dist/tcl/tzdata/Asia/Ulaanbaatar
d17fdaf17b3dac3a1310e2332f61585598185e64ced799abd68249eb5b698591	192	RESOURCE	TCL_TZDATA	<none>	NO					TLMTool_2.1.2/TLMTool.dist/tcl/tzdata/Asia/Ulan_Bator
c445b8030deddded0aff5cc692cc323b63be8c14bbd42dc3fde90ad4f9d14785	149	RESOURCE	TCL_TZDATA	<none>	NO					TLMTool_2.1.2/TLMTool.dist/tcl/tzdata/Asia/Urumqi
9d639c0fc69b3beebc96969092f9590eb48e7946e901b225bf245e165973b9a8	2058	RESOURCE	TCL_TZDATA	<none>	NO					TLMTool_2.1.2/TLMTool.dist/tcl/tzdata/Asia/Ust-Nera
18f5e4fe8247f676278ac5f1912ac401dc48df5b756d22e76ff1cfa702f88da7	179	RESOURCE	TCL_TZDATA	<none>	NO					TLMTool_2.1.2/TLMTool.dist/tcl/tzdata/Asia/Vientiane
2558c96e25359c72f168dac6fb3c16c54f8fd7d0724eeb1671156d4a1f42ac6c	2062	RESOURCE	TCL_TZDATA	<none>	NO					TLMTool_2.1.2/TLMTool.dist/tcl/tzdata/Asia/Vladivostok
3bef13638c46f16435d326c675907e61bb68c8173153ced3359e983be0e413e5	2058	RESOURCE	TCL_TZDATA	<none>	NO					TLMTool_2.1.2/TLMTool.dist/tcl/tzdata/Asia/Yakutsk
2526557810747e78e713ae09bc305621a80faeecf8d441632e7825738d4c79cb	244	RESOURCE	TCL_TZDATA	<none>	NO					TLMTool_2.1.2/TLMTool.dist/tcl/tzdata/Asia/Yangon
2c78699efc60758b8f8d0d1deedfded5e65c65ebf3082b23e60bdea8bf8fbcfe	2095	RESOURCE	TCL_TZDATA	<none>	NO					TLMTool_2.1.2/TLMTool.dist/tcl/tzdata/Asia/Yekaterinburg
20871fa6aa959ddfb73d846271b4a568627b564cfc08a11bdd84b98c2f2019a3	2029	RESOURCE	TCL_TZDATA	<none>	NO					TLMTool_2.1.2/TLMTool.dist/tcl/tzdata/Asia/Yerevan
6b3609be4e93d21a2ab492594edd387931e2c787e8471c9f2d3a677f34002d8f	9879	RESOURCE	TCL_TZDATA	<none>	NO					TLMTool_2.1.2/TLMTool.dist/tcl/tzdata/Atlantic/Azores
099c3befba3b4c00ae19bc53d475a52b32fac9b36ec823c8eaefc7d00f78f388	8784	RESOURCE	TCL_TZDATA	<none>	NO					TLMTool_2.1.2/TLMTool.dist/tcl/tzdata/Atlantic/Bermuda
2026944dcdebc52f64405e35119f4cf97ea9aa1e769498730880b03f29a2b885	6856	RESOURCE	TCL_TZDATA	<none>	NO					TLMTool_2.1.2/TLMTool.dist/tcl/tzdata/Atlantic/Canary
2ea59acdb5bbdd3c6abceea456838a5ca57371a3d2bb93604b37f998ed8b9d4d	246	RESOURCE	TCL_TZDATA	<none>	NO					TLMTool_2.1.2/TLMTool.dist/tcl/tzdata/Atlantic/Cape_Verde
64fb8cad17cd36666c7027aad01344fef659b13699eef1942365842f8ed2170e	186	RESOURCE	TCL_TZDATA	<none>	NO					TLMTool_2.1.2/TLMTool.dist/tcl/tzdata/Atlantic/Faeroe
795f438e7f01342d5f25eccdd09fce65c03c5d2d561b9b5191301d57ec16b850	6796	RESOURCE	TCL_TZDATA	<none>	NO					TLMTool_2.1.2/TLMTool.dist/tcl/tzdata/Atlantic/Faroe
9152d10450cebce4aaea3f3c8a50e4077a881e0b06b193a5886f06a453803112	180	RESOURCE	TCL_TZDATA	<none>	NO					TLMTool_2.1.2/TLMTool.dist/tcl/tzdata/Atlantic/Jan_Mayen
b2a0d0ddc26806a05b2be806ca3f938db12a3fa40110b8b21fd3f04efed3a531	9709	RESOURCE	TCL_TZDATA	<none>	NO					TLMTool_2.1.2/TLMTool.dist/tcl/tzdata/Atlantic/Madeira
e77b9d50af6c2550ca0517b4a6de64a8a159ad0c77f1294c4212b6e20221b099	2035	RESOURCE	TCL_TZDATA	<none>	NO					TLMTool_2.1.2/TLMTool.dist/tcl/tzdata/Atlantic/Reykjavik
51bfabcb3388107753a3c1a8cf31118e6627132baa09b9878d9e7cedbebb4886	160	RESOURCE	TCL_TZDATA	<none>	NO					TLMTool_2.1.2/TLMTool.dist/tcl/tzdata/Atlantic/South_Georgia
1c9ca8966fc8bd0be70f4a187e17e56fb99139bc88c392e82ba2e23e23111c54	189	RESOURCE	TCL_TZDATA	<none>	NO					TLMTool_2.1.2/TLMTool.dist/tcl/tzdata/Atlantic/St_Helena
f0e99ef01f140cd5aafe16803a657922207e6f7f6af10b0ae795790916c302c4	2256	RESOURCE	TCL_TZDATA	<none>	NO					TLMTool_2.1.2/TLMTool.dist/tcl/tzdata/Atlantic/Stanley
df7cbddcbb2f5926a07d19a35739e5b8dcd9733c037f7d1ff95753c28d574674	190	RESOURCE	TCL_TZDATA	<none>	NO					TLMTool_2.1.2/TLMTool.dist/tcl/tzdata/Australia/ACT
5c43d3152982bcfd5b9f51d0e909cf3a558bed1c270feffe030531d38d6f91b7	8372	RESOURCE	TCL_TZDATA	<none>	NO					TLMTool_2.1.2/TLMTool.dist/tcl/tzdata/Australia/Adelaide
0d3c39edab34a8db31a658a1549772f7d69eb57565e40aa87b707953a2d854a4	674	RESOURCE	TCL_TZDATA	<none>	NO					TLMTool_2.1.2/TLMTool.dist/tcl/tzdata/Australia/Brisbane
734f295bd0b558bdf6178de62151b8913699d08ab2b1d101c55b8debc410074c	8437	RESOURCE	TCL_TZDATA	<none>	NO					TLMTool_2.1.2/TLMTool.dist/tcl/tzdata/Australia/Broken_Hill
5fe3ced97293fe0573d5ece0cef59ce5ddb4c57bc568ae7199e77b01d3ade17c	195	RESOURCE	TCL_TZDATA	<none>	NO					TLMTool_2.1.2/TLMTool.dist/tcl/tzdata/Australia/Canberra
1dd4ec4ed4f854e2ef6162b2f28c89208710f8ec5aabb95ffa9425d3fbbcab13	193	RESOURCE	TCL_TZDATA	<none>	NO					TLMTool_2.1.2/TLMTool.dist/tcl/tzdata/Australia/Currie
ac004fd4b3c536406991ec13ebb3e64e0ec0c7b264bc18c0700c8fa545868155	437	RESOURCE	TCL_TZDATA	<none>	NO					TLMTool_2.1.2/TLMTool.dist/tcl/tzdata/Australia/Darwin
79d0c770a304360db33f3d1ef7b3935f1e4e8125893e0dce683ac35a51302cfb	759	RESOURCE	TCL_TZDATA	<none>	NO					TLMTool_2.1.2/TLMTool.dist/tcl/tzdata/Australia/Eucla
d813f6a97befc22ca4f24c59eb755d269b9c68a449cc7cf0d2c61f911860ebe7	8734	RESOURCE	TCL_TZDATA	<none>	NO					TLMTool_2.1.2/TLMTool.dist/tcl/tzdata/Australia/Hobart
4d84e4040fbc529c9e0366bb74d0cfadeeeeda0dfcc6c2c9204ded6c6455cac3	199	RESOURCE	TCL_TZDATA	<none>	NO					TLMTool_2.1.2/TLMTool.dist/tcl/tzdata/Australia/LHI
01b278309353849cc2fdf62a30e2ff483833d5713cf5e329252738be6f2c0a84	824	RESOURCE	TCL_TZDATA	<none>	NO					TLMTool_2.1.2/TLMTool.dist/tcl/tzdata/Australia/Lindeman
76d1f1ed67b8f8d6903789c2fddf79590a83677972d416f5f3c9687614ec6238	7764	RESOURCE	TCL_TZDATA	<none>	NO					TLMTool_2.1.2/TLMTool.dist/tcl/tzdata/Australia/Lord_Howe
f21b9ea51c0d41bad0420fe0601e5a4b491fb895856f4bddf6541d704469d92f	8341	RESOURCE	TCL_TZDATA	<none>	NO					TLMTool_2.1.2/TLMTool.dist/tcl/tzdata/Australia/Melbourne
a983c9cad7e542caed43b083e68cd2b782959a4b54015f374c29250d3acf9b8d	192	RESOURCE	TCL_TZDATA	<none>	NO					TLMTool_2.1.2/TLMTool.dist/tcl/tzdata/Australia/North
73d7c9e207e61acf8df7242bdcd84488189033e22a84873a953b65de02fa1b0b	190	RESOURCE	TCL_TZDATA	<none>	NO					TLMTool_2.1.2/TLMTool.dist/tcl/tzdata/Australia/NSW
fc1b54ca261074e47a8a486feac12dd04d46166d1d2b44163bd8791bec32d275	739	RESOURCE	TCL_TZDATA	<none>	NO					TLMTool_2.1.2/TLMTool.dist/tcl/tzdata/Australia/Perth
dda669b9bfb3e08fc23ce67030148b9e4740824add8de02580d6afd31ce05bab	203	RESOURCE	TCL_TZDATA	<none>	NO					TLMTool_2.1.2/TLMTool.dist/tcl/tzdata/Australia/Queensland
d9dcfdc377901ec0c0feb9cea743c2c1425273f69a1baa7bf3b74fec5885b267	198	RESOURCE	TCL_TZDATA	<none>	NO					TLMTool_2.1.2/TLMTool.dist/tcl/tzdata/Australia/South
fc453486325ade1d31f14087b76d4936f3a6d551abd1db6fcac129bdb043951c	8338	RESOURCE	TCL_TZDATA	<none>	NO					TLMTool_2.1.2/TLMTool.dist/tcl/tzdata/Australia/Sydney
c94fa7a7640cd00963ee8ff1a3d9dcda2075408739d998edbf7cfc998db764fd	195	RESOURCE	TCL_TZDATA	<none>	NO					TLMTool_2.1.2/TLMTool.dist/tcl/tzdata/Australia/Tasmania
dbef9c5bdd290fec5fa740d697143332d3ca1fc373cf1df736f1883ac9ba3298	204	RESOURCE	TCL_TZDATA	<none>	NO					TLMTool_2.1.2/TLMTool.dist/tcl/tzdata/Australia/Victoria
75abb7f20c4a0b618138aa190af33ceaf2a6d2c707da6c1314e4bff2f9904f58	188	RESOURCE	TCL_TZDATA	<none>	NO					TLMTool_2.1.2/TLMTool.dist/tcl/tzdata/Australia/West
55a9264d0414644a1be342106ae86086a6659596dc9322a74fc4d1ddb41f7c60	212	RESOURCE	TCL_TZDATA	<none>	NO					TLMTool_2.1.2/TLMTool.dist/tcl/tzdata/Australia/Yancowinna
2f594239a434052d36053a2b3eab134eadbad06eb6737e67cf72166dab157537	194	RESOURCE	TCL_TZDATA	<none>	NO					TLMTool_2.1.2/TLMTool.dist/tcl/tzdata/Brazil/Acre
a676562a90ff8587a775f6f0e3be05d870456a56d25b5330816bf9043c8d475b	190	RESOURCE	TCL_TZDATA	<none>	NO					TLMTool_2.1.2/TLMTool.dist/tcl/tzdata/Brazil/DeNoronha
961fb3ab99a63b1e9704b737eab2d588b5a39d253a213e175cc678bedffd498d	191	RESOURCE	TCL_TZDATA	<none>	NO					TLMTool_2.1.2/TLMTool.dist/tcl/tzdata/Brazil/East
0500c9a248c8ce9030ea30d0af9dd95dc465480baf60646c0b7c511fa23c6d1f	182	RESOURCE	TCL_TZDATA	<none>	NO					TLMTool_2.1.2/TLMTool.dist/tcl/tzdata/Brazil/West
6dc6354d761cbe7820c9186568cab87ad48ca925507f6a740357195b60e16d87	189	RESOURCE	TCL_TZDATA	<none>	NO					TLMTool_2.1.2/TLMTool.dist/tcl/tzdata/Canada/Atlantic
db32e83949d62478d229e9fb57bb1624d21b3a9ccee4cd55335f8262c01d820a	191	RESOURCE	TCL_TZDATA	<none>	NO					TLMTool_2.1.2/TLMTool.dist/tcl/tzdata/Canada/Central
27cceb515f9b2ab2d441f7c1533064ad13c89a6a009c3f2f14842b217075e231	195	RESOURCE	TCL_TZDATA	<none>	NO					TLMTool_2.1.2/TLMTool.dist/tcl/tzdata/Canada/East-Saskatchewan
22844994ae893f3236a091b050e932e84a5218ec0d01f72595e17ccc471fa564	188	RESOURCE	TCL_TZDATA	<none>	NO					TLMTool_2.1.2/TLMTool.dist/tcl/tzdata/Canada/Eastern
d7a203e60ff19dcdeaad14121720de51da73392d25b40ffa301c1935cdf89517	192	RESOURCE	TCL_TZDATA	<none>	NO					TLMTool_2.1.2/TLMTool.dist/tcl/tzdata/Canada/Mountain
87f42f45fd7d059ca47650d445420de8320f3a7c1cbc7671fbfa8a8881274433	196	RESOURCE	TCL_TZDATA	<none>	NO					TLMTool_2.1.2/TLMTool.dist/tcl/tzdata/Canada/Newfoundland
5c4fd46054b190a6d4b92585b4dae4e3a8233ee2996d14472835ddd264911dc6	194	RESOURCE	TCL_TZDATA	<none>	NO					TLMTool_2.1.2/TLMTool.dist/tcl/tzdata/Canada/Pacific
46ba00ae3a07a4dc83d6cb517d87c9cbba491b3421fe9ad6c74cac5695eb73f7	190	RESOURCE	TCL_TZDATA	<none>	NO					TLMTool_2.1.2/TLMTool.dist/tcl/tzdata/Canada/Saskatchewan
a1b1af37dc89c6ba663e4e967a18409ae4e0fa9ef1b908d0461368da31001c09	195	RESOURCE	TCL_TZDATA	<none>	NO					TLMTool_2.1.2/TLMTool.dist/tcl/tzdata/Canada/Yukon
e2aea7cfd428a43d9db938bcc476623adc1250bd8057013a7fff5f89d7ff8efc	7736	RESOURCE	TCL_TZDATA	<none>	NO					TLMTool_2.1.2/TLMTool.dist/tcl/tzdata/CET
5b40167dd0c0b5c293861070c4ac249f78ddf8bad798dd0165e3ae894c9b9570	194	RESOURCE	TCL_TZDATA	<none>	NO					TLMTool_2.1.2/TLMTool.dist/tcl/tzdata/Chile/Continental
1e2da1862e0e0f131b7c6eb12fac5f920852c61c162993a30bc843a464a5aad4	189	RESOURCE	TCL_TZDATA	<none>	NO					TLMTool_2.1.2/TLMTool.dist/tcl/tzdata/Chile/EasterIsland
73a9841f233aa657afb6ced8a86a37d55fe5582dd996b9b28975d218bccc078f	8505	RESOURCE	TCL_TZDATA	<none>	NO					TLMTool_2.1.2/TLMTool.dist/tcl/tzdata/CST6CDT
6f4f2d7f5bca4e5183460c0153d2b98f5239a99f149de6638b311c73cedb1329	175	RESOURCE	TCL_TZDATA	<none>	NO					TLMTool_2.1.2/TLMTool.dist/tcl/tzdata/Cuba
64e284f9f7a36cc0a352809141d76e73a99344a9f30cffea254cbb9d2c589ada	7440	RESOURCE	TCL_TZDATA	<none>	NO					TLMTool_2.1.2/TLMTool.dist/tcl/tzdata/EET
936b6484469351def8fafe8ec180862729f5e43bde4e53e2e9636e221b54c3c2	170	RESOURCE	TCL_TZDATA	<none>	NO					TLMTool_2.1.2/TLMTool.dist/tcl/tzdata/Egypt
b78a833337efec8b5f64622f1bfda21fcb79cf290e9cf32a54b206eb20c6fde9	172	RESOURCE	TCL_TZDATA	<none>	NO					TLMTool_2.1.2/TLMTool.dist/tcl/tzdata/Eire
6344be02529c1cc5f7b5fe14b7e9bbced4dde68a24b824601eebcae207abfdf2	111	RESOURCE	TCL_TZDATA	<none>	NO					TLMTool_2.1.2/TLMTool.dist/tcl/tzdata/EST
0be6161403bc5a96bfab174f2c3fcba8a677d4349699b408e9872b9dd0fe15ce	8505	RESOURCE	TCL_TZDATA	<none>	NO					TLMTool_2.1.2/TLMTool.dist/tcl/tzdata/EST5EDT
66b0df8888883bff44b18728b48cdf24aaed0bb745d601f3422c4f2d4063e0ac	110	RESOURCE	TCL_TZDATA	<none>	NO					TLMTool_2.1.2/TLMTool.dist/tcl/tzdata/Etc/GMT
64466ea3759301e88c29ad1a833cdcbbc495eb4a5a3ac45e7b2987fecd6702bd	159	RESOURCE	TCL_TZDATA	<none>	NO					TLMTool_2.1.2/TLMTool.dist/tcl/tzdata/Etc/GMT+0
3be1ec71d2cc88fa9a3db7dc0476475f33fe5bcbe6bc35c0f083859766466c32	116	RESOURCE	TCL_TZDATA	<none>	NO					TLMTool_2.1.2/TLMTool.dist/tcl/tzdata/Etc/GMT+1
e61e826e6fbc2396ef152640698098f4477d4ffdfe5f791f62250c3ec5865304	118	RESOURCE	TCL_TZDATA	<none>	NO					TLMTool_2.1.2/TLMTool.dist/tcl/tzdata/Etc/GMT+10
143528946275ddc8b894218d3f1be56c950f740828cec13166c3d7e8e1b6bb7e	118	RESOURCE	TCL_TZDATA	<none>	NO					TLMTool_2.1.2/TLMTool.dist/tcl/tzdata/Etc/GMT+11
a93eafac2c1089c608c8536127d0e8b53d8c7cfd13ae7dd69339e12a89f803c6	118	RESOURCE	TCL_TZDATA	<none>	NO					TLMTool_2.1.2/TLMTool.dist/tcl/tzdata/Etc/GMT+12
ad5833153446960bde0653a22ae2111bf80cfd61c3010993ce87b81d40c75c72	116	RESOURCE	TCL_TZDATA	<none>	NO					TLMTool_2.1.2/TLMTool.dist/tcl/tzdata/Etc/GMT+2
c7bee4c71905eddb40baf42c0cd0dc70bb9f298eaab8b9367d484b8431dd084a	117	RESOURCE	TCL_TZDATA	<none>	NO					TLMTool_2.1.2/TLMTool.dist/tcl/tzdata/Etc/GMT+3
26d1ef512cc5797fc63ba2b83c7d6271025f4d4f5c904d9fa8e97f053393d9a7	117	RESOURCE	TCL_TZDATA	<none>	NO					TLMTool_2.1.2/TLMTool.dist/tcl/tzdata/Etc/GMT+4
054910bddfc44d9b806bbd3008c30547fa57ecd3c043418c406a725158144688	117	RESOURCE	TCL_TZDATA	<none>	NO					TLMTool_2.1.2/TLMTool.dist/tcl/tzdata/Etc/GMT+5
d53bb247e0e429a6243ab9a9bdcae1ee1cf5f271d79748a843631906ab63a988	117	RESOURCE	TCL_TZDATA	<none>	NO					TLMTool_2.1.2/TLMTool.dist/tcl/tzdata/Etc/GMT+6
6ba5779e35d581b409f53b14b6e28ecc16f536ffedd45ddbc8dae4b8c28f66e7	117	RESOURCE	TCL_TZDATA	<none>	NO					TLMTool_2.1.2/TLMTool.dist/tcl/tzdata/Etc/GMT+7
ca87559b154b165e83482aee3d753ba8e38abca347a005e8504c566433cf4cb3	117	RESOURCE	TCL_TZDATA	<none>	NO					TLMTool_2.1.2/TLMTool.dist/tcl/tzdata/Etc/GMT+8
a0987a1d078b0993fb3b07208e3f4538a2319dcdddeb2faea32fc463deafb8db	117	RESOURCE	TCL_TZDATA	<none>	NO					TLMTool_2.1.2/TLMTool.dist/tcl/tzdata/Etc/GMT+9
eff27b3dee9306641ff344801e06bb33ff768cdccfe2409fa8af752ff6d39f66	159	RESOURCE	TCL_TZDATA	<none>	NO					TLMTool_2.1.2/TLMTool.dist/tcl/tzdata/Etc/GMT-0
b4bf883fbe9246ef4079179a746b1f9e59f2c77d4f598794b60732d198dc6044	115	RESOURCE	TCL_TZDATA	<none>	NO					TLMTool_2.1.2/TLMTool.dist/tcl/tzdata/Etc/GMT-1
ef3046d7789cae069b5473d053f3ef0157248f8a359a1282ee02ba613a75fc94	117	RESOURCE	TCL_TZDATA	<none>	NO					TLMTool_2.1.2/TLMTool.dist/tcl/tzdata/Etc/GMT-10
ccdeadbd18be81e59a669a460a14afcbff733c3a5d164fc2b6b93deaf009b78a	117	RESOURCE	TCL_TZDATA	<none>	NO					TLMTool_2.1.2/TLMTool.dist/tcl/tzdata/Etc/GMT-11
23b61b18c653e25f7245b0bb6e04ad347e038585b145962fd1eeace26f118d54	117	RESOURCE	TCL_TZDATA	<none>	NO					TLMTool_2.1.2/TLMTool.dist/tcl/tzdata/Etc/GMT-12
a9f1ad5a7cb5ed43c5e6e8a7a9b887329890abb75b9fc9483b8543a367457ebe	117	RESOURCE	TCL_TZDATA	<none>	NO					TLMTool_2.1.2/TLMTool.dist/tcl/tzdata/Etc/GMT-13
a37a7160027bd38356764c4d1aa5b9b17f8d5dc3cfb81ef2ed399e44c41734ce	117	RESOURCE	TCL_TZDATA	<none>	NO					TLMTool_2.1.2/TLMTool.dist/tcl/tzdata/Etc/GMT-14
7211bf8329b2388563ed8fa8c5140099a171b8a303a9473e9a6f3af0c5d239cb	115	RESOURCE	TCL_TZDATA	<none>	NO					TLMTool_2.1.2/TLMTool.dist/tcl/tzdata/Etc/GMT-2
bfc86d65b0b94725dce4c88edc4300141abbca4b6cdecf037c437df49f0c1d6a	116	RESOURCE	TCL_TZDATA	<none>	NO					TLMTool_2.1.2/TLMTool.dist/tcl/tzdata/Etc/GMT-3
02e2eeaf88ee179ef63dd29acc7384a4b46de1e3a151c1f3a5dd31bbb5a05aee	116	RESOURCE	TCL_TZDATA	<none>	NO					TLMTool_2.1.2/TLMTool.dist/tcl/tzdata/Etc/GMT-4
3a2c75dca11d1167126f0d44a8682420faf75b0b82b3dcfc35a9f028a9a759e8	116	RESOURCE	TCL_TZDATA	<none>	NO					TLMTool_2.1.2/TLMTool.dist/tcl/tzdata/Etc/GMT-5
d22c87321373ec0efb0f312925476cd0747323ef303e17621a871bf814c8abb1	116	RESOURCE	TCL_TZDATA	<none>	NO					TLMTool_2.1.2/TLMTool.dist/tcl/tzdata/Etc/GMT-6
70cb3a766a2e84148b68613d68687d263d3592ed4b6e672797fb20801eca8231	116	RESOURCE	TCL_TZDATA	<none>	NO					TLMTool_2.1.2/TLMTool.dist/tcl/tzdata/Etc/GMT-7
80c85d59416cec91db3dac5fdd2fd7b91d6fc74a37bbbef6ff58f6f6816e8fc9	116	RESOURCE	TCL_TZDATA	<none>	NO					TLMTool_2.1.2/TLMTool.dist/tcl/tzdata/Etc/GMT-8
57395bb968afa5a041eada4b684b82f0379a9333f9522d69f069a79fdea2b8d7	116	RESOURCE	TCL_TZDATA	<none>	NO					TLMTool_2.1.2/TLMTool.dist/tcl/tzdata/Etc/GMT-9
ab742f93be44bd68ab8fe84505fa28120f1808765d9baed32a3490af7c83d35b	158	RESOURCE	TCL_TZDATA	<none>	NO					TLMTool_2.1.2/TLMTool.dist/tcl/tzdata/Etc/GMT0
f89167b6117838d9679c0397496b6d96d3a7beaef0bd99406abacdbdb658fbcc	163	RESOURCE	TCL_TZDATA	<none>	NO					TLMTool_2.1.2/TLMTool.dist/tcl/tzdata/Etc/Greenwich
0856d14dbbc53d46460bcd530bd070e9e8966d1c96ba01ba556e215a98c09cd4	157	RESOURCE	TCL_TZDATA	<none>	NO					TLMTool_2.1.2/TLMTool.dist/tcl/tzdata/Etc/UCT
a2b62c5914de169a68a018a5b47c1253dbca10a251862d17b0781ecfd19b6192	163	RESOURCE	TCL_TZDATA	<none>	NO					TLMTool_2.1.2/TLMTool.dist/tcl/tzdata/Etc/Universal
4d74d9ec2397b1708fef47806294b0bca26679f3a63149ae24e4e0c641976970	110	RESOURCE	TCL_TZDATA	<none>	NO					TLMTool_2.1.2/TLMTool.dist/tcl/tzdata/Etc/UTC
bbd6e93206ff3b7017afbe63905b4c932c422b582f3ce2a79a7b885d390ee555	158	RESOURCE	TCL_TZDATA	<none>	NO					TLMTool_2.1.2/TLMTool.dist/tcl/tzdata/Etc/Zulu
5808f77cab37ed4f52f0a02ff0b75ea194f8799a2165695ca3650579cad498d9	9102	RESOURCE	TCL_TZDATA	<none>	NO					TLMTool_2.1.2/TLMTool.dist/tcl/tzdata/Europe/Amsterdam
f0b48da7ca3659450d87cc0ddfddfd28b464543df1ee40d935c44d5cd7c9b9b3	6927	RESOURCE	TCL_TZDATA	<none>	NO					TLMTool_2.1.2/TLMTool.dist/tcl/tzdata/Europe/Andorra
4b5fb0af225974d117374028285f20a02b833ff4136e6bfae7b65e6d6d28829e	2063	RESOURCE	TCL_TZDATA	<none>	NO					TLMTool_2.1.2/TLMTool.dist/tcl/tzdata/Europe/Astrakhan
47353319419505aab205c23f8c97ea0b12e5ded2113147794f77b67349aff52f	7954	RESOURCE	TCL_TZDATA	<none>	NO					TLMTool_2.1.2/TLMTool.dist/tcl/tzdata/Europe/Athens
557023674f6e8376707517103ee69c1debbe53cdd4bcab11e763cc53b9cb1908	182	RESOURCE	TCL_TZDATA	<none>	NO					TLMTool_2.1.2/TLMTool.dist/tcl/tzdata/Europe/Belfast
74b225511b518b0ced972cbb33d694697712ccb96a6d81e0f50ada28cf6e2c92	7309	RESOURCE	TCL_TZDATA	<none>	NO					TLMTool_2.1.2/TLMTool.dist/tcl/tzdata/Europe/Belgrade
7e7111f06288069b52a4e1ca0b016216df9328fb3b1560a740146497ccdd4d24	8020	RESOURCE	TCL_TZDATA	<none>	NO					TLMTool_2.1.2/TLMTool.dist/tcl/tzdata/Europe/Berlin
1d7c539aaa1e3ad5ef3574a629523b5b781f1a91d352c9b39b8de7316756026e	185	RESOURCE	TCL_TZDATA	<none>	NO					TLMTool_2.1.2/TLMTool.dist/tcl/tzdata/Europe/Bratislava
1402a2072adc9ebb35f4c0368d2e9a7a11493626c667c022614ffb7cc05b6cb6	9223	RESOURCE	TCL_TZDATA	<none>	NO					TLMTool_2.1.2/TLMTool.dist/tcl/tzdata/Europe/Brussels
c560d45104a8dd73fc7370b5ac1615e22043dbc93dfb46a9ecc6468c2d38b19a	7974	RESOURCE	TCL_TZDATA	<none>	NO					TLMTool_2.1.2/TLMTool.dist/tcl/tzdata/Europe/Bucharest
b58f3e9066b8b57eb037d509636aa67a06acc8348be6c48482d87cdc49844a4e	8287	RESOURCE	TCL_TZDATA	<none>	NO					TLMTool_2.1.2/TLMTool.dist/tcl/tzdata/Europe/Budapest
f511a80ab70ff93a0eb9f29293f73df952b773bb33eb85d581e4fb1fe06e4f05	183	RESOURCE	TCL_TZDATA	<none>	NO					TLMTool_2.1.2/TLMTool.dist/tcl/tzdata/Europe/Busingen
2bd1c0ab412a5e9c97f533c4d06b773d045215b92568a4e89adc93c7462d62ec	8096	RESOURCE	TCL_TZDATA	<none>	NO					TLMTool_2.1.2/TLMTool.dist/tcl/tzdata/Europe/Chisinau
c6abc78ad0f03f903e04db41067b555f9e589e321e253a01ed819189c6fffc0e	7722	RESOURCE	TCL_TZDATA	<none>	NO					TLMTool_2.1.2/TLMTool.dist/tcl/tzdata/Europe/Copenhagen
930f4e37b6d60b6701cba95eea1f6053d85e5f9de6bbe287a0d43e24b9d63fb0	9810	RESOURCE	TCL_TZDATA	<none>	NO					TLMTool_2.1.2/TLMTool.dist/tcl/tzdata/Europe/Dublin
0524a31131405347c1d5d86c5ee38a2064ab055c030ab3b43f25db3b28ffd8d2	9509	RESOURCE	TCL_TZDATA	<none>	NO					TLMTool_2.1.2/TLMTool.dist/tcl/tzdata/Europe/Gibraltar
f7046808a8e80b7ae449d1a49ae3e480096736b7d3f554a240c7dfb10f82076a	183	RESOURCE	TCL_TZDATA	<none>	NO					TLMTool_2.1.2/TLMTool.dist/tcl/tzdata/Europe/Guernsey
5b5c0a9261a414ea8dc34f594ee05bee16f695488b230857d2b569a6b603bc39	7368	RESOURCE	TCL_TZDATA	<none>	NO					TLMTool_2.1.2/TLMTool.dist/tcl/tzdata/Europe/Helsinki
2f1151b0528a5325443379d4e7cce32c00213722ad9df764e1dc90198084b076	186	RESOURCE	TCL_TZDATA	<none>	NO					TLMTool_2.1.2/TLMTool.dist/tcl/tzdata/Europe/Isle_of_Man
08061a80fc0f1ef375eefe784eacdf0812e289fd67e8613bdec36209985ca1d7	3683	RESOURCE	TCL_TZDATA	<none>	NO					TLMTool_2.1.2/TLMTool.dist/tcl/tzdata/Europe/Istanbul
97eb33915ed7c9c34144f8f42357fab2262b3cd45287f3cffd26c33d65f7651e	181	RESOURCE	TCL_TZDATA	<none>	NO					TLMTool_2.1.2/TLMTool.dist/tcl/tzdata/Europe/Jersey
2387d26df5429df9867f42f7d4f872dc146643b4b3cc57da7298c18561de8bfe	2512	RESOURCE	TCL_TZDATA	<none>	NO					TLMTool_2.1.2/TLMTool.dist/tcl/tzdata/Europe/Kaliningrad
08b137b7b933393f8f4574615a370013288e5297937b5c59d4179744273fab26	7453	RESOURCE	TCL_TZDATA	<none>	NO					TLMTool_2.1.2/TLMTool.dist/tcl/tzdata/Europe/Kiev
60884d4b8b17a9ab8fb5697da95f62e570755348109c661d783d56cd047bbe9e	2029	RESOURCE	TCL_TZDATA	<none>	NO					TLMTool_2.1.2/TLMTool.dist/tcl/tzdata/Europe/Kirov
9fac9812411f88014779d34722f3e0d2750e45bf21595df1ae14cb9ccfd3f33f	9878	RESOURCE	TCL_TZDATA	<none>	NO					TLMTool_2.1.2/TLMTool.dist/tcl/tzdata/Europe/Lisbon
713a842197516d618f2d86977262542a1ca334d7df6026539fa2f2980dbf4cd3	190	RESOURCE	TCL_TZDATA	<none>	NO					TLMTool_2.1.2/TLMTool.dist/tcl/tzdata/Europe/Ljubljana
d04c4e25df4de1c1cfe1ef84b3b6dd746cf08a271ab0958f22c7d580a3ed10e6	10211	RESOURCE	TCL_TZDATA	<none>	NO					TLMTool_2.1.2/TLMTool.dist/tcl/tzdata/Europe/London
380e49d38f6abe946a90a9343a277ed28492eb800747d6d14f4639fd3ea80ede	9139	RESOURCE	TCL_TZDATA	<none>	NO					TLMTool_2.1.2/TLMTool.dist/tcl/tzdata/Europe/Luxembourg
5337c9843c56deec6b91c4468c76ec1c896e80421b72b583b69de5579063e09a	8517	RESOURCE	TCL_TZDATA	<none>	NO					TLMTool_2.1.2/TLMTool.dist/tcl/tzdata/Europe/Madrid
c5c240baaece8235d1fbdd251c1a67cb2d2fc8195dd5bbe37ff9cff0445fcda2	8724	RESOURCE	TCL_TZDATA	<none>	NO					TLMTool_2.1.2/TLMTool.dist/tcl/tzdata/Europe/Malta
6136c3cfa4a767e7c9dda23a283ad98b72e9868f192e6a8e3bfe6396f6989bd1	190	RESOURCE	TCL_TZDATA	<none>	NO					TLMTool_2.1.2/TLMTool.dist/tcl/tzdata/Europe/Mariehamn
8c95ea696ea578def726502ac181af475a676030878f56b4e2d667757bbd1c49	2177	RESOURCE	TCL_TZDATA	<none>	NO					TLMTool_2.1.2/TLMTool.dist/tcl/tzdata/Europe/Minsk
654b92e8b9e8fbdc967d094b48110908f458454d7057f680ac745b9c8d48fcc1	9186	RESOURCE	TCL_TZDATA	<none>	NO					TLMTool_2.1.2/TLMTool.dist/tcl/tzdata/Europe/Monaco
31f9c3c2f17b3ee4fa6d9ee6a86bf407ac0377de4d666c65e86ce5ac591f829f	2430	RESOURCE	TCL_TZDATA	<none>	NO					TLMTool_2.1.2/TLMTool.dist/tcl/tzdata/Europe/Moscow
fc93b7516933edfdc211ac0822ee88bf7acad1c58a0643b15294f82eb0f14414	179	RESOURCE	TCL_TZDATA	<none>	NO					TLMTool_2.1.2/TLMTool.dist/tcl/tzdata/Europe/Nicosia
5a28b5cec79b57d4856e3f05615245e6f74df6388b48bf3f605b792ca3bd972d	7922	RESOURCE	TCL_TZDATA	<none>	NO					TLMTool_2.1.2/TLMTool.dist/tcl/tzdata/Europe/Oslo
ae61491c4a587f56426a9f2118e31060276f2b0231e750c461781577551ca196	9152	RESOURCE	TCL_TZDATA	<none>	NO					TLMTool_2.1.2/TLMTool.dist/tcl/tzdata/Europe/Paris
b87630ff459de07eb16cd0c2452660772e3ffc4eeb8419ea77a013b6f63a5900	190	RESOURCE	TCL_TZDATA	<none>	NO					TLMTool_2.1.2/TLMTool.dist/tcl/tzdata/Europe/Podgorica
5d3afed5c1b07c6c6635d6bdeb28a0fb4d11a61f25f26c91227b2254be5f4aa0	8038	RESOURCE	TCL_TZDATA	<none>	NO					TLMTool_2.1.2/TLMTool.dist/tcl/tzdata/Europe/Prague
8b64a42bafd90f9255cacfdbac603d638dd7c18dc27249f9c9b515e1da634424	7658	RESOURCE	TCL_TZDATA	<none>	NO					TLMTool_2.1.2/TLMTool.dist/tcl/tzdata/Europe/Riga
dcd2d9144507311e573568598e1ffd0e0574fb677aa0dafc5641d80a19eb6e58	8813	RESOURCE	TCL_TZDATA	<none>	NO					TLMTool_2.1.2/TLMTool.dist/tcl/tzdata/Europe/Rome
8f395352aa05d35e7d13380e73659a0d5b56ffc17e3f4e40e4f678a902f0e49b	2118	RESOURCE	TCL_TZDATA	<none>	NO					TLMTool_2.1.2/TLMTool.dist/tcl/tzdata/Europe/Samara
b6856a0e38c2404f7d5fa1821559503f8ae70923a562f0d993124d131515f395	179	RESOURCE	TCL_TZDATA	<none>	NO					TLMTool_2.1.2/TLMTool.dist/tcl/tzdata/Europe/San_Marino
bc00d953c2f3e55e40eda13838ab66b9e9d0bdad620e4eb917637761abb06fb1	189	RESOURCE	TCL_TZDATA	<none>	NO					TLMTool_2.1.2/TLMTool.dist/tcl/tzdata/Europe/Sarajevo
ab90363dee5077c39ec55fe8e519593ff08223e5a8e593f6cce01fb5b8b35bae	2061	RESOURCE	TCL_TZDATA	<none>	NO					TLMTool_2.1.2/TLMTool.dist/tcl/tzdata/Europe/Saratov
4186a873a6218ff746957a0aaed1d61fc28ff5ed6d44bf38f36b5120a21c06c6	2389	RESOURCE	TCL_TZDATA	<none>	NO					TLMTool_2.1.2/TLMTool.dist/tcl/tzdata/Europe/Simferopol
52f20858433261b15797b64f0a09cee95d552ef93b5daa7c141bfab6d718c345	187	RESOURCE	TCL_TZDATA	<none>	NO					TLMTool_2.1.2/TLMTool.dist/tcl/tzdata/Europe/Skopje
6415f279cb143ea598cf8272263ac5b502827b10ceeb242b39e6efcc23a2ee12	7654	RESOURCE	TCL_TZDATA	<none>	NO					TLMTool_2.1.2/TLMTool.dist/tcl/tzdata/Europe/Sofia
12447ce016745fc14584cb5f753e918c23eca5d028ca50042e0714cf3783608a	7308	RESOURCE	TCL_TZDATA	<none>	NO					TLMTool_2.1.2/TLMTool.dist/tcl/tzdata/Europe/Stockholm
6f3594ccda78b02b2ee14c8fae29e668e47193af2dfcf5af1ecd210f13bce9ce	7549	RESOURCE	TCL_TZDATA	<none>	NO					TLMTool_2.1.2/TLMTool.dist/tcl/tzdata/Europe/Tallinn
c62686bf598138fefb72e8cc6632ba75a5fe147f2a30124ee3583be1f732e38d	7675	RESOURCE	TCL_TZDATA	<none>	NO					TLMTool_2.1.2/TLMTool.dist/tcl/tzdata/Europe/Tirane
fdd53fdb5f754bbba8ff98f0b1555fe0baeb7852843220a7cf93a190b641a9ad	189	RESOURCE	TCL_TZDATA	<none>	NO					TLMTool_2.1.2/TLMTool.dist/tcl/tzdata/Europe/Tiraspol
9fa9d09509b4f8f5a9c8e422dba02605070c3ebdaeb7c1df8527c8eef5e3632d	2119	RESOURCE	TCL_TZDATA	<none>	NO					TLMTool_2.1.2/TLMTool.dist/tcl/tzdata/Europe/Ulyanovsk
747f543b7a875214f8eebfdae3182d91b1e93ceb57b58d2b7657672f949b13a9	7541	RESOURCE	TCL_TZDATA	<none>	NO					TLMTool_2.1.2/TLMTool.dist/tcl/tzdata/Europe/Uzhgorod
06b235bf047fc2303102bc3dc609a5754a6103321d28440b74eec1c9e3d24642	180	RESOURCE	TCL_TZDATA	<none>	NO					TLMTool_2.1.2/TLMTool.dist/tcl/tzdata/Europe/Vaduz
c203e94465bd1d91018fc7670437226ef9a4bb41d59dde49095363865ca33d00	176	RESOURCE	TCL_TZDATA	<none>	NO					TLMTool_2.1.2/TLMTool.dist/tcl/tzdata/Europe/Vatican
a8165313c9b51daef130401439cba60daa9887fc5eaa61a5afd4f7bad1ad934f	7930	RESOURCE	TCL_TZDATA	<none>	NO					TLMTool_2.1.2/TLMTool.dist/tcl/tzdata/Europe/Vienna
b762db4a068dc79fa57691e070d7026086e5a6d2fc273d5c1872e7c8e3711533	7485	RESOURCE	TCL_TZDATA	<none>	NO					TLMTool_2.1.2/TLMTool.dist/tcl/tzdata/Europe/Vilnius
22968d40dac2b669e6d2bc43ed6b16c8a9ca3e1f9dacbf8b246299c3c24cc397	2123	RESOURCE	TCL_TZDATA	<none>	NO					TLMTool_2.1.2/TLMTool.dist/tcl/tzdata/Europe/Volgograd
f9dc10ec2ae2cc810a6c08837059b34be651900ba4e1cedb93c209972ccfb5a2	8662	RESOURCE	TCL_TZDATA	<none>	NO					TLMTool_2.1.2/TLMTool.dist/tcl/tzdata/Europe/Warsaw
a49b3894eb84f003eb357647d6a40ceaf6213523196cc1ec24eefd7d9d6d3c3e	187	RESOURCE	TCL_TZDATA	<none>	NO					TLMTool_2.1.2/TLMTool.dist/tcl/tzdata/Europe/Zagreb
f0045f64f64a2c40088f2960616ab8e0aabb8d6309f489fee842056fb8412f72	7490	RESOURCE	TCL_TZDATA	<none>	NO					TLMTool_2.1.2/TLMTool.dist/tcl/tzdata/Europe/Zaporozhye
95afa61e439ca38551306d8fdb11c2788d935c42768d0407c9e4337f105a3e93	7305	RESOURCE	TCL_TZDATA	<none>	NO					TLMTool_2.1.2/TLMTool.dist/tcl/tzdata/Europe/Zurich
e20d829c605a7c5b2a96b83c3480df28c964a13381a8bd2c72c2a37295131fa7	170	RESOURCE	TCL_TZDATA	<none>	NO					TLMTool_2.1.2/TLMTool.dist/tcl/tzdata/GB
c9334480d0a970254b6ba6ff22e958dc8dd8bf06288229461a551c7c094c3f1d	175	RESOURCE	TCL_TZDATA	<none>	NO					TLMTool_2.1.2/TLMTool.dist/tcl/tzdata/GB-Eire
747c15cdc239855d5380b7a7f47112f2a26c61b0bf300eeb9711e6521550d189	153	RESOURCE	TCL_TZDATA	<none>	NO					TLMTool_2.1.2/TLMTool.dist/tcl/tzdata/GMT
be48462ccfbb3aee19597f082a17c2c5d2fd8bb1c9122245efab0a51f8f413b0	155	RESOURCE	TCL_TZDATA	<none>	NO					TLMTool_2.1.2/TLMTool.dist/tcl/tzdata/GMT+0
944c86f516141ddc3aec1ae4a963e9769879c48ed12daddf4ed63a01313acd00	155	RESOURCE	TCL_TZDATA	<none>	NO					TLMTool_2.1.2/TLMTool.dist/tcl/tzdata/GMT-0
54850a5f488205db01fbb46e2da9fff951c4571029ea64d35932ddea5346daaf	154	RESOURCE	TCL_TZDATA	<none>	NO					TLMTool_2.1.2/TLMTool.dist/tcl/tzdata/GMT0
9e7a8daa26ce36e8f7d7f13460915c063ee98e2a4db276ad9d15ca5c7c06815f	159	RESOURCE	TCL_TZDATA	<none>	NO					TLMTool_2.1.2/TLMTool.dist/tcl/tzdata/Greenwich
359c9c02a9fa3de10ba48fa0ab47d8d7aff3b47f950cfaf5eb68f842ea52ab21	179	RESOURCE	TCL_TZDATA	<none>	NO					TLMTool_2.1.2/TLMTool.dist/tcl/tzdata/Hongkong
8d710699af319e0ddb83e9f3a32d07ae8082ea2f7eabbd345effffb0f563062e	111	RESOURCE	TCL_TZDATA	<none>	NO					TLMTool_2.1.2/TLMTool.dist/tcl/tzdata/HST
e4ab3a08ed590d907f9741d4b8fe27e552b19fe0257f14ce2ed5289d5685974c	190	RESOURCE	TCL_TZDATA	<none>	NO					TLMTool_2.1.2/TLMTool.dist/tcl/tzdata/Iceland
1b1177ce4d59d7cbcae9b0421eb00ad341ecb299bd15773d4ed077f0f2ce7b38	190	RESOURCE	TCL_TZDATA	<none>	NO					TLMTool_2.1.2/TLMTool.dist/tcl/tzdata/Indian/Antananarivo
11044ad7cb0848cc734d2a67128aa6ac07cb89268399aa0a71a99024de4b8879	180	RESOURCE	TCL_TZDATA	<none>	NO					TLMTool_2.1.2/TLMTool.dist/tcl/tzdata/Indian/Chagos
cb43deafad0f8bf7de8567841790a58d358ef2b210bb2022686b3eb7f97b2e5b	154	RESOURCE	TCL_TZDATA	<none>	NO					TLMTool_2.1.2/TLMTool.dist/tcl/tzdata/Indian/Christmas
71194b896cc00967ebbe3f9f4609f8c5cd73ce56b2529646a7a6ac679bb03400	152	RESOURCE	TCL_TZDATA	<none>	NO					TLMTool_2.1.2/TLMTool.dist/tcl/tzdata/Indian/Cocos
53fa58e32dc2e4abb574b2f78011815eeb7f89f453cc63c6b6c1460abbb4ca5c	184	RESOURCE	TCL_TZDATA	<none>	NO					TLMTool_2.1.2/TLMTool.dist/tcl/tzdata/Indian/Comoro
c7afde6978d8ce5413730d370e2776e2acc7d96570a6034eb504c0f42ca5d1e7	149	RESOURCE	TCL_TZDATA	<none>	NO					TLMTool_2.1.2/TLMTool.dist/tcl/tzdata/Indian/Kerguelen
8e1d0f7268a5ee75e8a7c17fd6e1a9880bad18a612346c29d70b462024d7371e	149	RESOURCE	TCL_TZDATA	<none>	NO					TLMTool_2.1.2/TLMTool.dist/tcl/tzdata/Indian/Mahe
9fac69dc609cc6074ecd67e0be8ae62e33d8d9c7f055a3e0dee1430c7ffc54f6	183	RESOURCE	TCL_TZDATA	<none>	NO					TLMTool_2.1.2/TLMTool.dist/tcl/tzdata/Indian/Maldives
a2b1b93cbeecbd900ed71e61a4932509eb52688e97a6015dad067066d0d42072	272	RESOURCE	TCL_TZDATA	<none>	NO					TLMTool_2.1.2/TLMTool.dist/tcl/tzdata/Indian/Mauritius
845c45fd7b6f0604b03a3c72db117878b568fb537bca078304727964157b96ab	185	RESOURCE	TCL_TZDATA	<none>	NO					TLMTool_2.1.2/TLMTool.dist/tcl/tzdata/Indian/Mayotte
e039b16caab8f5d8f85625e0cc1d0fe42369715f2a4810bdf7f9cf19a28b5603	152	RESOURCE	TCL_TZDATA	<none>	NO					TLMTool_2.1.2/TLMTool.dist/tcl/tzdata/Indian/Reunion
fe7f4453cb5f6b81b23c1c795356b91fe319f0762be7868fafe361db1f9c2a2b	166	RESOURCE	TCL_TZDATA	<none>	NO					TLMTool_2.1.2/TLMTool.dist/tcl/tzdata/Iran
805105f5f17b78929f8476bae83ed972128633ff6f74b7748b063e3c810c27a6	177	RESOURCE	TCL_TZDATA	<none>	NO					TLMTool_2.1.2/TLMTool.dist/tcl/tzdata/Israel
f01b00d52bd7b2694bf5cb55a17028c30a41bd22a774ca54740e8b1dde4fcb2e	181	RESOURCE	TCL_TZDATA	<none>	NO					TLMTool_2.1.2/TLMTool.dist/tcl/tzdata/Jamaica
98dbd07ae3b9251b9091f4d265336ce98bdfb492af863c1f3ff25248a2cadf35	164	RESOURCE	TCL_TZDATA	<none>	NO					TLMTool_2.1.2/TLMTool.dist/tcl/tzdata/Japan
85e95363acf468043cd5146927a97b2d9e3b141eda0a7993dada9382d1d6dd54	189	RESOURCE	TCL_TZDATA	<none>	NO					TLMTool_2.1.2/TLMTool.dist/tcl/tzdata/Kwajalein
f776839c1999056e6a0d2ecfdf9054fc309454afdff8e8bc803f33ec423b7361	176	RESOURCE	TCL_TZDATA	<none>	NO					TLMTool_2.1.2/TLMTool.dist/tcl/tzdata/Libya
df45f5414f1636b1856c7534bb5f3d4387c32d56283a68bb47d8c48c1ddad5bc	7736	RESOURCE	TCL_TZDATA	<none>	NO					TLMTool_2.1.2/TLMTool.dist/tcl/tzdata/MET
f8ca38a845cd01bf785ee222277dad9325ab6bd17e44a362c450855aeb522814	190	RESOURCE	TCL_TZDATA	<none>	NO					TLMTool_2.1.2/TLMTool.dist/tcl/tzdata/Mexico/BajaNorte
2e6e32a40487f0146b59150b66ff74901ca853b12d47922819af23eea5b4149c	191	RESOURCE	TCL_TZDATA	<none>	NO					TLMTool_2.1.2/TLMTool.dist/tcl/tzdata/Mexico/BajaSur
2dff1b83fecfad5c27ec47b206696c29b91398f8185b5d406a66fa9e0aeca93f	200	RESOURCE	TCL_TZDATA	<none>	NO					TLMTool_2.1.2/TLMTool.dist/tcl/tzdata/Mexico/General
e57746d5db479a8b30973f2bc16e2b8dfb6e2bfaecbff0fb956f04526e4b935b	111	RESOURCE	TCL_TZDATA	<none>	NO					TLMTool_2.1.2/TLMTool.dist/tcl/tzdata/MST
a5deb89d59613d9a54c1e146056a805b3de9f2a2593aec2b8a25f863328699c0	8505	RESOURCE	TCL_TZDATA	<none>	NO					TLMTool_2.1.2/TLMTool.dist/tcl/tzdata/MST7MDT
2cc8ce235f2ee3160e6afd04a4e28aa0312494ebb6fed08d8cc81d414ec540ee	177	RESOURCE	TCL_TZDATA	<none>	NO					TLMTool_2.1.2/TLMTool.dist/tcl/tzdata/Navajo
e22d629d53c54960ad156c377de0ae461c27f554990a3d1305724ca8f869bce4	179	RESOURCE	TCL_TZDATA	<none>	NO					TLMTool_2.1.2/TLMTool.dist/tcl/tzdata/NZ
83f4ca3522b64f9b151edefae53e0f28c2e6c4ce16d0982186b3344f2a268724	181	RESOURCE	TCL_TZDATA	<none>	NO					TLMTool_2.1.2/TLMTool.dist/tcl/tzdata/NZ-CHAT
983884249acc11c3fe740d78e72b1a89be9c8b077283549bf6bcd8c93fa71731	909	RESOURCE	TCL_TZDATA	<none>	NO					TLMTool_2.1.2/TLMTool.dist/tcl/tzdata/Pacific/Apia
201cfadb00fbcd3283249dad73872ed75c5bec07f5a5b157726638c20728b833	8772	RESOURCE	TCL_TZDATA	<none>	NO					TLMTool_2.1.2/TLMTool.dist/tcl/tzdata/Pacific/Auckland
2d3bfded297214ba25cfd8c6f508d0c8b1a1cd7d46701a78ec5e510076185eb6	280	RESOURCE	TCL_TZDATA	<none>	NO					TLMTool_2.1.2/TLMTool.dist/tcl/tzdata/Pacific/Bougainville
ca0eef84dbc5964ef2265e9252237be58bb8d75c34817cc2305cccfaec7e690c	8165	RESOURCE	TCL_TZDATA	<none>	NO					TLMTool_2.1.2/TLMTool.dist/tcl/tzdata/Pacific/Chatham
492df366bb0a7d29d2db4a9c40cf0c15cb47343ff908d1aa86092c8e84e4434b	305	RESOURCE	TCL_TZDATA	<none>	NO					TLMTool_2.1.2/TLMTool.dist/tcl/tzdata/Pacific/Chuuk
84b815988d1a5ac16f3ec52844bdce7a8e8707800c782235b5928473eef9b433	8203	RESOURCE	TCL_TZDATA	<none>	NO					TLMTool_2.1.2/TLMTool.dist/tcl/tzdata/Pacific/Easter
332372e5efb46123fbb66f9f32f91b59ebd88adb956249db3f14caab01ce2655	789	RESOURCE	TCL_TZDATA	<none>	NO					TLMTool_2.1.2/TLMTool.dist/tcl/tzdata/Pacific/Efate
790e6b48b261d6def7d183cc8f38fb8d8a6e3efb8844281efabb2dfd621e53b5	188	RESOURCE	TCL_TZDATA	<none>	NO					TLMTool_2.1.2/TLMTool.dist/tcl/tzdata/Pacific/Enderbury
336058dca4802c79ed43f6177adb73085d4fa0754b94051cae2a19346b0c4904	185	RESOURCE	TCL_TZDATA	<none>	NO					TLMTool_2.1.2/TLMTool.dist/tcl/tzdata/Pacific/Fakaofo
a29faaee67bc07f5df858dac070f03e45e29b67a5f9de6dd992e79a9601979b7	5636	RESOURCE	TCL_TZDATA	<none>	NO					TLMTool_2.1.2/TLMTool.dist/tcl/tzdata/Pacific/Fiji
b2acf1461318a0b21653b6f21de5e54651a417a469aad0dbf8099626040beb51	154	RESOURCE	TCL_TZDATA	<none>	NO					TLMTool_2.1.2/TLMTool.dist/tcl/tzdata/Pacific/Funafuti
192545659f971084adc8489a2b96a6439ff391599dc962aa13375accfb3c09d9	247	RESOURCE	TCL_TZDATA	<none>	NO					TLMTool_2.1.2/TLMTool.dist/tcl/tzdata/Pacific/Galapagos
190e02a0c00d165fa45c73aef9c0d6c82b1720e7406e5610dd860aed10a021a5	155	RESOURCE	TCL_TZDATA	<none>	NO					TLMTool_2.1.2/TLMTool.dist/tcl/tzdata/Pacific/Gambier
161762334dff48b1d58824911e1ff4171386ea18234dd3dd5b0798515593086a	157	RESOURCE	TCL_TZDATA	<none>	NO					TLMTool_2.1.2/TLMTool.dist/tcl/tzdata/Pacific/Guadalcanal
42cb69abc83415f63ca7d2a3e5314a41817aee3206eccc7172c50a74b1597db0	733	RESOURCE	TCL_TZDATA	<none>	NO					TLMTool_2.1.2/TLMTool.dist/tcl/tzdata/Pacific/Guam
69319015799d32d3cf7c0a3e9991b4b1f3e0c5d1b4fbf400517350cca9d2c3b7	344	RESOURCE	TCL_TZDATA	<none>	NO					TLMTool_2.1.2/TLMTool.dist/tcl/tzdata/Pacific/Honolulu
6e52b361ac8a6a578c709f6d58aa7535f06c0cb1707081c2d5a63fa8545d955c	193	RESOURCE	TCL_TZDATA	<none>	NO					TLMTool_2.1.2/TLMTool.dist/tcl/tzdata/Pacific/Johnston
0b1345555ec2b4738cc4debfe496c287966f238386263032ff1e27912ccbfba6	208	RESOURCE	TCL_TZDATA	<none>	NO					TLMTool_2.1.2/TLMTool.dist/tcl/tzdata/Pacific/Kanton
4f7235b956a5a01676be05275e086d5157ebc24fd91022e87817020669f915f7	219	RESOURCE	TCL_TZDATA	<none>	NO					TLMTool_2.1.2/TLMTool.dist/tcl/tzdata/Pacific/Kiritimati
b528e5e712e5f878603183e7ccff55e5db97cb47d7628bcb635342796317b899	394	RESOURCE	TCL_TZDATA	<none>	NO					TLMTool_2.1.2/TLMTool.dist/tcl/tzdata/Pacific/Kosrae
38133be70100d7dc244a680827879e6b240646c7c0b68f58652051e681a71985	304	RESOURCE	TCL_TZDATA	<none>	NO					TLMTool_2.1.2/TLMTool.dist/tcl/tzdata/Pacific/Kwajalein
67ea1a2a84e0fa686c04ef327e7eeaccc15e21bed79a801e64bb57fe4184509a	333	RESOURCE	TCL_TZDATA	<none>	NO					TLMTool_2.1.2/TLMTool.dist/tcl/tzdata/Pacific/Majuro
ae0b5055c6e57516f23749b13681205ead376e682959716a457b1377af8160ba	159	RESOURCE	TCL_TZDATA	<none>	NO					TLMTool_2.1.2/TLMTool.dist/tcl/tzdata/Pacific/Marquesas
f62c6a2dec1e9ec78115d5f14e5b9db7c86f788662d2e68f7e6714f4a05dc974	194	RESOURCE	TCL_TZDATA	<none>	NO					TLMTool_2.1.2/TLMTool.dist/tcl/tzdata/Pacific/Midway
22c367f3219b5fc736260d9dbfef5fcb767f1a6bda991c9352f790a3d1ffe884	244	RESOURCE	TCL_TZDATA	<none>	NO					TLMTool_2.1.2/TLMTool.dist/tcl/tzdata/Pacific/Nauru
869cca656be88e4e7481c75737c3656bab6924ad1751505815ac719c59269842	184	RESOURCE	TCL_TZDATA	<none>	NO					TLMTool_2.1.2/TLMTool.dist/tcl/tzdata/Pacific/Niue
5d16c3ef1db996c1b8e33ad884c33946f77da872f35f41ec3bd5b288f43cc9af	5139	RESOURCE	TCL_TZDATA	<none>	NO					TLMTool_2.1.2/TLMTool.dist/tcl/tzdata/Pacific/Norfolk
238683c027d2319c33d975a837e9fc9d24dd53b1a67108edbf7abdf0db050881	326	RESOURCE	TCL_TZDATA	<none>	NO					TLMTool_2.1.2/TLMTool.dist/tcl/tzdata/Pacific/Noumea
cca96640ab3bc707224fa86d9af66f9d53a204a97b370b2785ba8208688bf8b6	188	RESOURCE	TCL_TZDATA	<none>	NO					TLMTool_2.1.2/TLMTool.dist/tcl/tzdata/Pacific/Pago_Pago
97de6c2c717bfead00f83b5d39d654c32cee580226f5f084484ebad57bbce7ff	183	RESOURCE	TCL_TZDATA	<none>	NO					TLMTool_2.1.2/TLMTool.dist/tcl/tzdata/Pacific/Palau
5d363729a986e24c79f4b817cc88d2b22accce3add20138d51c4422c4297ad6f	188	RESOURCE	TCL_TZDATA	<none>	NO					TLMTool_2.1.2/TLMTool.dist/tcl/tzdata/Pacific/Pitcairn
88d62b644bb96a9318427b4ca56db37c8217da449328c801ed77007be9420f9c	338	RESOURCE	TCL_TZDATA	<none>	NO					TLMTool_2.1.2/TLMTool.dist/tcl/tzdata/Pacific/Pohnpei
edc43ef78691a1b22d111bc4390ea442b893e61771a6fd76bdae1d46c5904c0c	188	RESOURCE	TCL_TZDATA	<none>	NO					TLMTool_2.1.2/TLMTool.dist/tcl/tzdata/Pacific/Ponape
124c137b091d9d54d5e0579131485428faae040acc978d20d6a8c8e4de9889aa	190	RESOURCE	TCL_TZDATA	<none>	NO					TLMTool_2.1.2/TLMTool.dist/tcl/tzdata/Pacific/Port_Moresby
5ab006a686e564e30c94884ff8a9d728aec74681da8772e9722b6fe203630b5d	969	RESOURCE	TCL_TZDATA	<none>	NO					TLMTool_2.1.2/TLMTool.dist/tcl/tzdata/Pacific/Rarotonga
4f6a1c20a11e186012466091cd4b3c09d89d35e7560f93874dec2d7f99365589	179	RESOURCE	TCL_TZDATA	<none>	NO					TLMTool_2.1.2/TLMTool.dist/tcl/tzdata/Pacific/Saipan
98d06302efc18fad7751f7e5a059fe4abafbc361fdc365fe1eb576209d92c658	193	RESOURCE	TCL_TZDATA	<none>	NO					TLMTool_2.1.2/TLMTool.dist/tcl/tzdata/Pacific/Samoa
440a87ddb4f304dcbeaed1b0de8f6058840e597918b688e0782f584da03b1bbc	154	RESOURCE	TCL_TZDATA	<none>	NO					TLMTool_2.1.2/TLMTool.dist/tcl/tzdata/Pacific/Tahiti
91aa5da8d5d1e72b1f561d0aeab4b07e02edd4eb95ae8c9f1c503c820460599f	152	RESOURCE	TCL_TZDATA	<none>	NO					TLMTool_2.1.2/TLMTool.dist/tcl/tzdata/Pacific/Tarawa
ecc9d2e7ad7b5e5d6599cf442941595c99c4d69e802a4ddb4da321898cdde91d	451	RESOURCE	TCL_TZDATA	<none>	NO					TLMTool_2.1.2/TLMTool.dist/tcl/tzdata/Pacific/Tongatapu
bdd8c779af9d671ad7f20832fff8eb3b25c9989a619c23337743f112ff4c8764	180	RESOURCE	TCL_TZDATA	<none>	NO					TLMTool_2.1.2/TLMTool.dist/tcl/tzdata/Pacific/Truk
2d18d9ab10c9d8947a88d486d0bc0b0523049a2ed2ca2fbdfa0577e40f189d13	150	RESOURCE	TCL_TZDATA	<none>	NO					TLMTool_2.1.2/TLMTool.dist/tcl/tzdata/Pacific/Wake
a3d83e6c504eac75c4cd87b696f0df2703d0a78df27d8b1fac161acb07f2a9de	152	RESOURCE	TCL_TZDATA	<none>	NO					TLMTool_2.1.2/TLMTool.dist/tcl/tzdata/Pacific/Wallis
e348a2d02966cf9599b5f6f1f5b6c3412113def548bd322f0c22376106e12d92	179	RESOURCE	TCL_TZDATA	<none>	NO					TLMTool_2.1.2/TLMTool.dist/tcl/tzdata/Pacific/Yap
c27e1179b55bf0c7db6f1c334c0c20c4afa4dbb84db6f46244b118f7eab9c76e	174	RESOURCE	TCL_TZDATA	<none>	NO					TLMTool_2.1.2/TLMTool.dist/tcl/tzdata/Poland
efd666f3062d52c5d0b4f83b1a206e6840c1eaec356cd77a0a71c7edfa78c964	176	RESOURCE	TCL_TZDATA	<none>	NO					TLMTool_2.1.2/TLMTool.dist/tcl/tzdata/Portugal
6a5baa9ca54b2a2c6d21287443be0b1064aa79b5c4c62939933f8a0ad842b73e	171	RESOURCE	TCL_TZDATA	<none>	NO					TLMTool_2.1.2/TLMTool.dist/tcl/tzdata/PRC
d148708f1e70eefa51e88e5823776cbe710535d4d6d6356e7753a44463a1c5ab	8505	RESOURCE	TCL_TZDATA	<none>	NO					TLMTool_2.1.2/TLMTool.dist/tcl/tzdata/PST8PDT
9aec39777013b23d63d0509ebb2f01d57a2c1592264dbb19ce2c61c7d7ddd8de	165	RESOURCE	TCL_TZDATA	<none>	NO					TLMTool_2.1.2/TLMTool.dist/tcl/tzdata/ROC
63153b40225270adb7cd248788ca9f18c6debaf222b3165bbab633337592df44	162	RESOURCE	TCL_TZDATA	<none>	NO					TLMTool_2.1.2/TLMTool.dist/tcl/tzdata/ROK
b9443fb17f0128ddb9f2df657dc5d2df176f64c61b0d02b272e5dfb108537678	180	RESOURCE	TCL_TZDATA	<none>	NO					TLMTool_2.1.2/TLMTool.dist/tcl/tzdata/Singapore
978c4e5256057ce7374ad7929605090fc749b55558495bd0112fb0bb743fa9c2	201	RESOURCE	TCL_TZDATA	<none>	NO					TLMTool_2.1.2/TLMTool.dist/tcl/tzdata/SystemV/AST4
0114c111f5bcd838a28f2e16e01ecb79d8afc8cbf639a672889ed0d692fc6cdc	192	RESOURCE	TCL_TZDATA	<none>	NO					TLMTool_2.1.2/TLMTool.dist/tcl/tzdata/SystemV/AST4ADT
30428b85b37898ad98b65be5b6a8bd599331d9a1b49605fc6521464228e32f8f	186	RESOURCE	TCL_TZDATA	<none>	NO					TLMTool_2.1.2/TLMTool.dist/tcl/tzdata/SystemV/CST6
44bef7d4660a9a873eb762e3fdc651d31d97893545de643fa1b2d05991c090a1	192	RESOURCE	TCL_TZDATA	<none>	NO					TLMTool_2.1.2/TLMTool.dist/tcl/tzdata/SystemV/CST6CDT
798f92e5dda65818c887750016d19e6ee9445adfe0fcb7acb11281293a09c2c7	204	RESOURCE	TCL_TZDATA	<none>	NO					TLMTool_2.1.2/TLMTool.dist/tcl/tzdata/SystemV/EST5
d159140114a13c69f073cfe9ad0b67d713e8811cbff773a3d1681fc38ea0e699	195	RESOURCE	TCL_TZDATA	<none>	NO					TLMTool_2.1.2/TLMTool.dist/tcl/tzdata/SystemV/EST5EDT
bf62c8650bba258000f62f16b0c7cbb66f4fd63f8cfdaf54273bb88a02a6c8d6	193	RESOURCE	TCL_TZDATA	<none>	NO					TLMTool_2.1.2/TLMTool.dist/tcl/tzdata/SystemV/HST10
febe49fae260e5595b6f1b21a0a3458d8a50aca72f4551bf10c1edb2758e0304	189	RESOURCE	TCL_TZDATA	<none>	NO					TLMTool_2.1.2/TLMTool.dist/tcl/tzdata/SystemV/MST7
64556a7b20e425c79375c2a7ccf72b2b5223a7de4ff4c99a5c039db3456c63f6	189	RESOURCE	TCL_TZDATA	<none>	NO					TLMTool_2.1.2/TLMTool.dist/tcl/tzdata/SystemV/MST7MDT
0b8227afc94082c985e8e125df83e5efade7cd9ca399800d7b8e8b2beae22c7d	192	RESOURCE	TCL_TZDATA	<none>	NO					TLMTool_2.1.2/TLMTool.dist/tcl/tzdata/SystemV/PST8
d51d9549835e9c058f836c8952932cb53c10f7f194cd87452e9b13494d1c54c9	204	RESOURCE	TCL_TZDATA	<none>	NO					TLMTool_2.1.2/TLMTool.dist/tcl/tzdata/SystemV/PST8PDT
55710efded5b5830b2f3a2a072037c5251e1766f318707ed7cd5eb03037fed43	189	RESOURCE	TCL_TZDATA	<none>	NO					TLMTool_2.1.2/TLMTool.dist/tcl/tzdata/SystemV/YST9
da20018de301f879e4f026405c69fa0370eb10184fe1c84a4f1504079d5dafa1	198	RESOURCE	TCL_TZDATA	<none>	NO					TLMTool_2.1.2/TLMTool.dist/tcl/tzdata/SystemV/YST9YDT
8471a5575b9d9e47412d851a18a26c4405480540aabc8daed5f81be0c714c07c	180	RESOURCE	TCL_TZDATA	<none>	NO					TLMTool_2.1.2/TLMTool.dist/tcl/tzdata/Turkey
356a9bb6f831971c295cf4dce0f0cdc9edf94fd686ca3d3195e5f031a0b67cba	153	RESOURCE	TCL_TZDATA	<none>	NO					TLMTool_2.1.2/TLMTool.dist/tcl/tzdata/UCT
b7b0b82f471d64704e1d6f84646e6b7b2bd9cab793fad00f9c9b0595143c0ab7	159	RESOURCE	TCL_TZDATA	<none>	NO					TLMTool_2.1.2/TLMTool.dist/tcl/tzdata/Universal
ced56f09d68be00555219594c7b2f3e7efe8323201fb3e2aa0e1fa9a6467d5af	189	RESOURCE	TCL_TZDATA	<none>	NO					TLMTool_2.1.2/TLMTool.dist/tcl/tzdata/US/Alaska
a4f1398cf84d0ae09bf19288770756622d1710ccbfbfe79e0d3239497731287d	176	RESOURCE	TCL_TZDATA	<none>	NO					TLMTool_2.1.2/TLMTool.dist/tcl/tzdata/US/Aleutian
9503403f231ba33415a5f2f0fdd3771ce7ff78534ce83c16a8db5bc333b4ad8a	184	RESOURCE	TCL_TZDATA	<none>	NO					TLMTool_2.1.2/TLMTool.dist/tcl/tzdata/US/Arizona
b6ac9fae0ab69d58ecfd6b9a84f3c6d3e1a594e40ceec94e2a0a7855781e173a	184	RESOURCE	TCL_TZDATA	<none>	NO					TLMTool_2.1.2/TLMTool.dist/tcl/tzdata/US/Central
5d86f8d36598516fb2342a18a87db2701babd265b0671cc9321c48db22c7eca5	228	RESOURCE	TCL_TZDATA	<none>	NO					TLMTool_2.1.2/TLMTool.dist/tcl/tzdata/US/East-Indiana
2ffcad8cbef5ecdc74db3ee773e4b18abc8efa9c09c4ea8f3a45a08badaf91a9	187	RESOURCE	TCL_TZDATA	<none>	NO					TLMTool_2.1.2/TLMTool.dist/tcl/tzdata/US/Eastern
529bb43efda6c1584feaea789b590cef1397e33457ab3845f3101b1fc126e0fb	186	RESOURCE	TCL_TZDATA	<none>	NO					TLMTool_2.1.2/TLMTool.dist/tcl/tzdata/US/Hawaii
5827b6a6d50cf0fb75d6ba6e36282591ad25e1f0be636dcfc5d09bda29a107fd	206	RESOURCE	TCL_TZDATA	<none>	NO					TLMTool_2.1.2/TLMTool.dist/tcl/tzdata/US/Indiana-Starke
b4e4269c4febfeff26750b297a590226c0a6872519a6bfde36f6dc3f6f756349	185	RESOURCE	TCL_TZDATA	<none>	NO					TLMTool_2.1.2/TLMTool.dist/tcl/tzdata/US/Michigan
3763bf520d3c97148c34dcfbdf70dec2636d4e38241555900c058efee3bd1256	182	RESOURCE	TCL_TZDATA	<none>	NO					TLMTool_2.1.2/TLMTool.dist/tcl/tzdata/US/Mountain
54e5f126d4e7cc13555841a61ff66c0350621c089f475638a393930b3fb4918c	196	RESOURCE	TCL_TZDATA	<none>	NO					TLMTool_2.1.2/TLMTool.dist/tcl/tzdata/US/Pacific
b14c515d5823e7f6e4c67892fa376d54db748fab139c4d40db50f22d113bae4f	200	RESOURCE	TCL_TZDATA	<none>	NO					TLMTool_2.1.2/TLMTool.dist/tcl/tzdata/US/Pacific-New
e51fc51c65ffeab514d7636271157ee8941bdacf602cbc380f5d60b5fa674e87	188	RESOURCE	TCL_TZDATA	<none>	NO					TLMTool_2.1.2/TLMTool.dist/tcl/tzdata/US/Samoa
dee28ff84e3fc495ed3547d5e5e9fafdacc36a67329e747d434248ed45bf1755	153	RESOURCE	TCL_TZDATA	<none>	NO					TLMTool_2.1.2/TLMTool.dist/tcl/tzdata/UTC
f7da75b585f45ab501b2889e272ff47b1c4a1d668e40aed7463eb0e8054028c2	172	RESOURCE	TCL_TZDATA	<none>	NO					TLMTool_2.1.2/TLMTool.dist/tcl/tzdata/W-SU
7e6e2369c19dd19a41be27bb8ad8df5be8b0096ed045c8b2c2d2f0916d494079	6945	RESOURCE	TCL_TZDATA	<none>	NO					TLMTool_2.1.2/TLMTool.dist/tcl/tzdata/WET
a06e8cccf97cc8fb545dfdb4c89b5e5c8edf0360547bdc1823b4ac47b1556c31	154	RESOURCE	TCL_TZDATA	<none>	NO					TLMTool_2.1.2/TLMTool.dist/tcl/tzdata/Zulu
678f891615e2209a8ecba17857922a9723e78709adb983032e89ca706000c44d	5030	RESOURCE	TCL_SCRIPT	.tcl	NO					TLMTool_2.1.2/TLMTool.dist/tcl/word.tcl
c96140d154c3bdc0a13a06c8b8b7628dfcd014df827704d1dbcb2b3b38349605	11423	RESOURCE	TCL_MODULE	.tm	NO					TLMTool_2.1.2/TLMTool.dist/tcl8/8.4/platform-1.0.18.tm
0a6b4b109cfdfc4b40fbdefdb2282f9b1af3cc2f9624dd39958eebd78781afb2	6218	RESOURCE	TCL_MODULE	.tm	NO					TLMTool_2.1.2/TLMTool.dist/tcl8/8.4/platform/shell-1.1.4.tm
6774519f179872ec5292523f2788b77b2b839e15665037e097a0d4edddd1c6fb	35136	RESOURCE	TCL_MODULE	.tm	NO					TLMTool_2.1.2/TLMTool.dist/tcl8/8.5/msgcat-1.6.1.tm
f6931f88ae2a4e63d77eec83e58f5944d66c7ef5f335a51064e8023e0c842971	107041	RESOURCE	TCL_MODULE	.tm	NO					TLMTool_2.1.2/TLMTool.dist/tcl8/8.5/tcltest-2.5.3.tm
226347b0fae4a3ed9237ce64c998c2a88b4fdd3d7f85a081b7cab3e863feb13d	115215	RESOURCE	TCL_MODULE	.tm	NO					TLMTool_2.1.2/TLMTool.dist/tcl8/8.6/http-2.9.5.tm
fbfd065f861ec0a90dd513bc209c56bbc23c54d2839964a0ec2df95848af7860	1866480	DLL	PE_DLL_x64	.dll	YES	x64	YES	6	.text,.rdata,.data,.pdata,.rsrc,.reloc	TLMTool_2.1.2/TLMTool.dist/tcl86t.dll
8822365ee279bebf7a36cfdedba1114762f894781f4635170cc5d85ff5b17923	8806	RESOURCE	TCL_SCRIPT	.tcl	NO					TLMTool_2.1.2/TLMTool.dist/tk/bgerror.tcl
1f5dd8d81b26f16e772e92fd2a22accb785004d0ed3447e54f87005d9c6a07a5	21612	RESOURCE	TCL_SCRIPT	.tcl	NO					TLMTool_2.1.2/TLMTool.dist/tk/button.tcl
35b208e8570b0d1e0ca1c911d4fe02ee3b0cfe5667cf1bdec006cf9d043122ba	9960	RESOURCE	TCL_SCRIPT	.tcl	NO					TLMTool_2.1.2/TLMTool.dist/tk/choosedir.tcl
e7aa73828a731dcc9541308aa53ff3cf550a0952fd42c4d86d831f87fb47cdcf	22112	RESOURCE	TCL_SCRIPT	.tcl	NO					TLMTool_2.1.2/TLMTool.dist/tk/clrpick.tcl
c7da292ccf5f413e599c3491c331ffd58cf273f8477facb097e6f36cf1f32a08	8690	RESOURCE	TCL_SCRIPT	.tcl	NO					TLMTool_2.1.2/TLMTool.dist/tk/comdlg.tcl
9d023dbf3b0fcd25e13502b34f8be63f64da592fa612ebd31c08af4ac27338d6	33942	RESOURCE	TCL_SCRIPT	.tcl	NO					TLMTool_2.1.2/TLMTool.dist/tk/console.tcl
1c977052c1d8293cc5fe4198a538beca9bc821af85e76e4eefbfb75b33ce8bed	5988	RESOURCE	TCL_SCRIPT	.tcl	NO					TLMTool_2.1.2/TLMTool.dist/tk/dialog.tcl
af1de90270693273b52fc735da6b5cd5ca794f5afd4cf03ffd95147161098048	18401	RESOURCE	TCL_SCRIPT	.tcl	NO					TLMTool_2.1.2/TLMTool.dist/tk/entry.tcl
8872f236d7e824aec0acd4bacc00fdd7ec9bc5534814ecf2160610c10647b7c5	5035	RESOURCE	TCL_SCRIPT	.tcl	NO					TLMTool_2.1.2/TLMTool.dist/tk/focus.tcl
48c6d9eabb028a57291c009e1b02756d1ea6a18f9aca7066c59bc3c5d881d3a6	16467	RESOURCE	TCL_SCRIPT	.tcl	NO					TLMTool_2.1.2/TLMTool.dist/tk/fontchooser.tcl
c8b4b2130c6ad658331c59f41d8bdbab44e0011781214a0b0be78c4920536b2e	17421	RESOURCE	TCL_SCRIPT	.tcl	NO					TLMTool_2.1.2/TLMTool.dist/tk/iconlist.tcl
1264940e62b9a37967925418e9d0dc0befd369e8c181b9bab3d1607e3cc14b85	11037	RESOURCE	TCL_SCRIPT	.tcl	NO					TLMTool_2.1.2/TLMTool.dist/tk/icons.tcl
76207d8dfde189a29dc0e76adb7eaaa606b96bc6c1c831f34d1c85b1c5b51dd3	34991	RESOURCE	IMAGE_RESOURCE	.eps	NO					TLMTool_2.1.2/TLMTool.dist/tk/images/logo.eps
72f6b34d3c8f424ff0a290a793fcfbf34fd5630a916cd02e0a5dda0144b5957f	2341	RESOURCE	IMAGE_RESOURCE	.gif	NO					TLMTool_2.1.2/TLMTool.dist/tk/images/logo100.gif
138c240382304f350383b02ed56c69103a9431c0544eb1ec5dcd7dec7a555dd9	1670	RESOURCE	IMAGE_RESOURCE	.gif	NO					TLMTool_2.1.2/TLMTool.dist/tk/images/logo64.gif
0f404764d07a6ae2ef9e1e0e8eaac278b7d488d61cf1c084146f2f33b485f2ed	11000	RESOURCE	IMAGE_RESOURCE	.gif	NO					TLMTool_2.1.2/TLMTool.dist/tk/images/logoLarge.gif
4d0bd3228ab4cc3e5159f4337be969ec7b7334e265c99b7633e3daf3c3fcfb62	3889	RESOURCE	IMAGE_RESOURCE	.gif	NO					TLMTool_2.1.2/TLMTool.dist/tk/images/logoMed.gif
87fd9e46dbb5f2bf1529afb411182c9fb9c58e23d830c66a233af0c256bb8eff	29706	RESOURCE	IMAGE_RESOURCE	.eps	NO					TLMTool_2.1.2/TLMTool.dist/tk/images/pwrdLogo.eps
bcc0e6458249433e8cba6c58122b7c0efa9557cbc8fb5f9392eed5d2579fc70b	1615	RESOURCE	IMAGE_RESOURCE	.gif	NO					TLMTool_2.1.2/TLMTool.dist/tk/images/pwrdLogo100.gif
5fc25c30aee76477f1c4e922931cc806823df059525583ff5705705d9e913c1c	2489	RESOURCE	IMAGE_RESOURCE	.gif	NO					TLMTool_2.1.2/TLMTool.dist/tk/images/pwrdLogo150.gif
62866e95501c436b329a15432355743c6efd64a37cfb65bcece465ab63ecf240	2981	RESOURCE	IMAGE_RESOURCE	.gif	NO					TLMTool_2.1.2/TLMTool.dist/tk/images/pwrdLogo175.gif
bad9116386343f4a4c394bdb87146e49f674f687d52bb847bd9e8198fda382cc	3491	RESOURCE	IMAGE_RESOURCE	.gif	NO					TLMTool_2.1.2/TLMTool.dist/tk/images/pwrdLogo200.gif
462a8ff8fd051a8100e8c6c086f497e4056ace5b20b44791f4aab964b010a448	1171	RESOURCE	IMAGE_RESOURCE	.gif	NO					TLMTool_2.1.2/TLMTool.dist/tk/images/pwrdLogo75.gif
c6db098ebd8a622164d37d4ab0a8c205db1a83ac3065d5cde3cb5fb61925d283	329	RESOURCE	RUNTIME_INDEX_OR_README	<none>	NO					TLMTool_2.1.2/TLMTool.dist/tk/images/README
e538f8f4934ca6e1ce29416d292171f28e67da6c72ed9d236ba42f37445ea41e	5473	RESOURCE	IMAGE_RESOURCE	.gif	NO					TLMTool_2.1.2/TLMTool.dist/tk/images/tai-ku.gif
0d1e4405f6273f091732764ed89b57066be63ce64869be6c71ea337dc4f2f9b5	2307	RESOURCE	LICENSE_TEXT	.terms	NO					TLMTool_2.1.2/TLMTool.dist/tk/license.terms
47c75f9f8348bf8f2c086c57b97b73741218100ca38d10b8abdf2051c95b9801	15255	RESOURCE	TCL_SCRIPT	.tcl	NO					TLMTool_2.1.2/TLMTool.dist/tk/listbox.tcl
848258b946c002e2696ca3815a1589c8120af5cc41fbc11bbd9a3f5754cc21af	9862	RESOURCE	TCL_SCRIPT	.tcl	NO					TLMTool_2.1.2/TLMTool.dist/tk/megawidget.tcl
d1283f67e435aab0bdbe9fdaa540a162043f8d652c02fe79f3843a451f123d89	39499	RESOURCE	TCL_SCRIPT	.tcl	NO					TLMTool_2.1.2/TLMTool.dist/tk/menu.tcl
c5bdca3aba671f03dc4624ab5fd260490f5002491d6c619142ccf5a1a744528a	30840	RESOURCE	TCL_SCRIPT	.tcl	NO					TLMTool_2.1.2/TLMTool.dist/tk/mkpsenc.tcl
a07e3a3809ced3c6c9c1e171dca5ad1f28357734cd41b2b9dd9f58085b3d2842	16786	RESOURCE	TCL_SCRIPT	.tcl	NO					TLMTool_2.1.2/TLMTool.dist/tk/msgbox.tcl
4dffbeedbf0d66d84b13088016d1a782ceaad4ded27be1e38842f8969c0e533f	4235	RESOURCE	TCL_MESSAGE_CATALOG	.msg	NO					TLMTool_2.1.2/TLMTool.dist/tk/msgs/cs.msg
feef8f8ad33bb3362c845a25d6ed273c398051047d899b31790474614c7afd2d	3987	RESOURCE	TCL_MESSAGE_CATALOG	.msg	NO					TLMTool_2.1.2/TLMTool.dist/tk/msgs/da.msg
c0f574b14068a049e93421c73873d750c98de28b7b77aa42fe72cbe0270a4186	4914	RESOURCE	TCL_MESSAGE_CATALOG	.msg	NO					TLMTool_2.1.2/TLMTool.dist/tk/msgs/de.msg
3f6f155864fe59a341bfd869735e54dd21cee21bbd038433d9b271ad77ba3f7e	8784	RESOURCE	TCL_MESSAGE_CATALOG	.msg	NO					TLMTool_2.1.2/TLMTool.dist/tk/msgs/el.msg
4a33b44b2e220e28eaae7fac407cafe43d97c270da58fa5f3b699a1760bfb2a4	3377	RESOURCE	TCL_MESSAGE_CATALOG	.msg	NO					TLMTool_2.1.2/TLMTool.dist/tk/msgs/en.msg
01238293356e82f1d298896491f8b299bb7dc9c34f299c9e756254c736da612b	66	RESOURCE	TCL_MESSAGE_CATALOG	.msg	NO					TLMTool_2.1.2/TLMTool.dist/tk/msgs/en_gb.msg
37fc66686349a955935cb24b0bd524e91823d2a631e63d54fdf17733c7502cbe	3991	RESOURCE	TCL_MESSAGE_CATALOG	.msg	NO					TLMTool_2.1.2/TLMTool.dist/tk/msgs/eo.msg
d2842b80f1b521eff2d2656a69274b5f2a8f4f5831af2e8ee73e3c37389f981f	4024	RESOURCE	TCL_MESSAGE_CATALOG	.msg	NO					TLMTool_2.1.2/TLMTool.dist/tk/msgs/es.msg
3f2ceb4a33695ab6b56e27f61a4c60c029935bb026497d99cb2c246bcb4a63c4	3877	RESOURCE	TCL_MESSAGE_CATALOG	.msg	NO					TLMTool_2.1.2/TLMTool.dist/tk/msgs/fr.msg
e063ad7ca93f37728a65e4cd7c0433950f22607d307949f6cb056446afeaa4fe	4678	RESOURCE	TCL_MESSAGE_CATALOG	.msg	NO					TLMTool_2.1.2/TLMTool.dist/tk/msgs/hu.msg
806930f283fd097195c7850e3486b3815d1564529b4f8e5fa6d26f3175183bc1	3765	RESOURCE	TCL_MESSAGE_CATALOG	.msg	NO					TLMTool_2.1.2/TLMTool.dist/tk/msgs/it.msg
0914fba42361227d14fa281e8a9cbf57c16200b4da1e61cc3402ef0113a512c7	4557	RESOURCE	TCL_MESSAGE_CATALOG	.msg	NO					TLMTool_2.1.2/TLMTool.dist/tk/msgs/nl.msg
eaceb1f08de0863ccf726881e07fe5b135ea09646c5253e0cbf7ddb987eb0d92	4932	RESOURCE	TCL_MESSAGE_CATALOG	.msg	NO					TLMTool_2.1.2/TLMTool.dist/tk/msgs/pl.msg
d687f71f0432bb0d02efdf576e526d2c19d4136f76c41a3224a2f034168f3f34	3987	RESOURCE	TCL_MESSAGE_CATALOG	.msg	NO					TLMTool_2.1.2/TLMTool.dist/tk/msgs/pt.msg
8715e9927ba925ae8099edf71a3d701fe396fc0e4df039cea7dc84120e101f47	7289	RESOURCE	TCL_MESSAGE_CATALOG	.msg	NO					TLMTool_2.1.2/TLMTool.dist/tk/msgs/ru.msg
a6821a13d34fb31f1827294b82c4bf9586bb255ca14f78c3ace11181f42ef211	3908	RESOURCE	TCL_MESSAGE_CATALOG	.msg	NO					TLMTool_2.1.2/TLMTool.dist/tk/msgs/sv.msg
540eeecba17207a56290baffdae882bbd4f88364791204ad5d14c7bedd022ccc	5772	RESOURCE	TCL_SCRIPT	.tcl	NO					TLMTool_2.1.2/TLMTool.dist/tk/obsolete.tcl
40ca505c9784b0767d4854485c5c311829594a4fcbdfd7251e60e6bb7ea74fd1	1629	RESOURCE	TCL_SCRIPT	.tcl	NO					TLMTool_2.1.2/TLMTool.dist/tk/optMenu.tcl
849b4c57e4644e51beaeaeb3ae59b7ff067e582ecd10f1b2caf6b6e72f11f506	8418	RESOURCE	TCL_SCRIPT	.tcl	NO					TLMTool_2.1.2/TLMTool.dist/tk/palette.tcl
aa4f87e41ac8297f51150f2a9f787607690d01793456b93f0939c54d394731f9	5370	RESOURCE	TCL_SCRIPT	.tcl	NO					TLMTool_2.1.2/TLMTool.dist/tk/panedwindow.tcl
3f2539e85e2a9017913e61fe2600b499315e1a6f249a4ff90e0b530a1eeb8898	376	RESOURCE	TCL_SCRIPT	.tcl	NO					TLMTool_2.1.2/TLMTool.dist/tk/pkgIndex.tcl
579701605669aadffbcdb7e3545c68442495428ee6e93c2d3a3133583bcd3d33	7632	RESOURCE	TCL_SCRIPT	.tcl	NO					TLMTool_2.1.2/TLMTool.dist/tk/safetk.tcl
0da2dc955ffd71062a21c3b747d9d59d66a5b09a907b9ed220be1b2342205a05	8056	RESOURCE	TCL_SCRIPT	.tcl	NO					TLMTool_2.1.2/TLMTool.dist/tk/scale.tcl
eec90404f702d3cfbfaec0f13bf5ed1ebeb736bee12d7e69770181a25401c61f	13188	RESOURCE	TCL_SCRIPT	.tcl	NO					TLMTool_2.1.2/TLMTool.dist/tk/scrlbar.tcl
2ff791a44406dc8339c7da6116e6ec92289bee5fc1367d378f48094f4abea277	16526	RESOURCE	TCL_SCRIPT	.tcl	NO					TLMTool_2.1.2/TLMTool.dist/tk/spinbox.tcl
b04b1a675572e6fcd12c5fe82c4fd0930395548436ff93d848bf340ae202e7e3	20523	RESOURCE	RUNTIME_INDEX_OR_README	<none>	NO					TLMTool_2.1.2/TLMTool.dist/tk/tclIndex
a4a8568633f827b54326640e6d1c3fde4978edc9e9fa1fb1d7b58f189df1b1dc	5309	RESOURCE	TCL_SCRIPT	.tcl	NO					TLMTool_2.1.2/TLMTool.dist/tk/tearoff.tcl
4a42ad370e0cd93d4133b49788c0b0e1c7cd78383e88bacb51cb751e8bfda15e	34961	RESOURCE	TCL_SCRIPT	.tcl	NO					TLMTool_2.1.2/TLMTool.dist/tk/text.tcl
0f617d96cbf213296d7a5f7fcffbb4ae1149840d7d045211ef932e8dd66683e9	24266	RESOURCE	TCL_SCRIPT	.tcl	NO					TLMTool_2.1.2/TLMTool.dist/tk/tk.tcl
595a0b05eb2cbd4cf489e57624b509fc3b4885e6410ca6416e7521d23694373d	39613	RESOURCE	TCL_SCRIPT	.tcl	NO					TLMTool_2.1.2/TLMTool.dist/tk/tkfbox.tcl
ae0437fb4e0ebd31322e4eaca626c12abde602da483bb39d0c5ee1bc00ab0af4	3713	RESOURCE	TCL_SCRIPT	.tcl	NO					TLMTool_2.1.2/TLMTool.dist/tk/ttk/altTheme.tcl
e199cc9c429b35a09721d0a22543c3729e2b8462e68dfa158c0cec9c70a0d79d	3838	RESOURCE	TCL_SCRIPT	.tcl	NO					TLMTool_2.1.2/TLMTool.dist/tk/ttk/aquaTheme.tcl
e38a9d1f437981aa6bf0bdd074d57b769a4140c0f7d9aff51743fe4ecc6dfddf	3014	RESOURCE	TCL_SCRIPT	.tcl	NO					TLMTool_2.1.2/TLMTool.dist/tk/ttk/button.tcl
cffc59931fdd1683ad23895e92522cf49b099128753fcdff34374024e42cf995	4809	RESOURCE	TCL_SCRIPT	.tcl	NO					TLMTool_2.1.2/TLMTool.dist/tk/ttk/clamTheme.tcl
424bba4fb6836feebe34f6c176ed666dce51d2fba9a8d7aa756abcbbad3fc1e3	3864	RESOURCE	TCL_SCRIPT	.tcl	NO					TLMTool_2.1.2/TLMTool.dist/tk/ttk/classicTheme.tcl
68eed4af6d2ec5b3ea24b1122a704b040366cbe2f458103137479352ffa1475a	12718	RESOURCE	TCL_SCRIPT	.tcl	NO					TLMTool_2.1.2/TLMTool.dist/tk/ttk/combobox.tcl
7a2ed9d78fabcafff16694f2f4a2e36ff5aa313f912d6e93484f3bcd0466ad91	4827	RESOURCE	TCL_SCRIPT	.tcl	NO					TLMTool_2.1.2/TLMTool.dist/tk/ttk/cursors.tcl
49ae8faf169165bddaf01d50b52943ebab3656e9468292b7890be143d0fcbc91	4553	RESOURCE	TCL_SCRIPT	.tcl	NO					TLMTool_2.1.2/TLMTool.dist/tk/ttk/defaults.tcl
830cc3009a735e92db70d53210c4928dd35caab5051ed14dec67e06ae25cbe28	17617	RESOURCE	TCL_SCRIPT	.tcl	NO					TLMTool_2.1.2/TLMTool.dist/tk/ttk/entry.tcl
b94c319e5a557a5665b1676d602b6495c0887c5bacf7fa5b776200112978bb7b	5732	RESOURCE	TCL_SCRIPT	.tcl	NO					TLMTool_2.1.2/TLMTool.dist/tk/ttk/fonts.tcl
972b13854d0e9b84de338d6753f0f11f3a8534e7d0e51838796dae5a1e2e3085	6641	RESOURCE	TCL_SCRIPT	.tcl	NO					TLMTool_2.1.2/TLMTool.dist/tk/ttk/menubutton.tcl
22264d8d138e2c0e9a950305b4f08557c5a73f054f8215c0d8ce03854042be76	5825	RESOURCE	TCL_SCRIPT	.tcl	NO					TLMTool_2.1.2/TLMTool.dist/tk/ttk/notebook.tcl
4d08a7e29eef731876951ef01dfa51654b6275fa3daadb1f48ff4bbeac238eb5	2290	RESOURCE	TCL_SCRIPT	.tcl	NO					TLMTool_2.1.2/TLMTool.dist/tk/ttk/panedwindow.tcl
697cc0a75ae31fe9c2d85fb25dca0afa5d0df9c523a2dfad2e4a36893be75fba	1138	RESOURCE	TCL_SCRIPT	.tcl	NO					TLMTool_2.1.2/TLMTool.dist/tk/ttk/progress.tcl
b909add0b87fa8ee08fd731041907212a8a0939d37d2ff9b2f600cd67dabd4bb	2787	RESOURCE	TCL_SCRIPT	.tcl	NO					TLMTool_2.1.2/TLMTool.dist/tk/ttk/scale.tcl
6eaa336b13815a7fc18bcd6b9adf722e794da2888d053c229044784c8c8e9de8	3285	RESOURCE	TCL_SCRIPT	.tcl	NO					TLMTool_2.1.2/TLMTool.dist/tk/ttk/scrollbar.tcl
e92d77b5cdca2206376db2129e87e3d744b3d5e31fde6c0bbd44a494a6845ce1	2503	RESOURCE	TCL_SCRIPT	.tcl	NO					TLMTool_2.1.2/TLMTool.dist/tk/ttk/sizegrip.tcl
df286bb59f471aa1e19df39af0ef7aa84df9f04dc4a439a747dd8ba43c300150	5003	RESOURCE	TCL_SCRIPT	.tcl	NO					TLMTool_2.1.2/TLMTool.dist/tk/ttk/spinbox.tcl
c88b60ffb0f72e095f6fc9786930add7f9ed049eabc713f889f9a7da516e188c	10180	RESOURCE	TCL_SCRIPT	.tcl	NO					TLMTool_2.1.2/TLMTool.dist/tk/ttk/treeview.tcl
2c48343b1a47f472d1a6b9ee8d670ce7fb428db0db7244dc323ff4c7a8b4f64b	4993	RESOURCE	TCL_SCRIPT	.tcl	NO					TLMTool_2.1.2/TLMTool.dist/tk/ttk/ttk.tcl
d58610a34301bb6e61a60bec69a7cecf4c45c6a034a9fc123977174b586278be	8624	RESOURCE	TCL_SCRIPT	.tcl	NO					TLMTool_2.1.2/TLMTool.dist/tk/ttk/utils.tcl
ec5f203c69df390e9b99944cf3526d6e77dc6f68e9b1a029f326a41afed1ef81	9710	RESOURCE	TCL_SCRIPT	.tcl	NO					TLMTool_2.1.2/TLMTool.dist/tk/ttk/vistaTheme.tcl
ae82bccce708ff9c303cbcb3d4cc3ff5577a60d5b23822ea79e3e07cce3cbbd1	2865	RESOURCE	TCL_SCRIPT	.tcl	NO					TLMTool_2.1.2/TLMTool.dist/tk/ttk/winTheme.tcl
aedb21c6b2909a4bb4686837d2126e521a8cc2b38414a4540387b801ebd75466	2103	RESOURCE	TCL_SCRIPT	.tcl	NO					TLMTool_2.1.2/TLMTool.dist/tk/ttk/xpTheme.tcl
b463b366f139ddf7fed31f34c6d2341f9f27845a1a358011dfc801e1333b1828	10521	RESOURCE	TCL_SCRIPT	.tcl	NO					TLMTool_2.1.2/TLMTool.dist/tk/unsupported.tcl
1ed57e32ce9c419bce36b483a91410ddf4c997caf62d20e42048fc350f8c3f60	27064	RESOURCE	TCL_SCRIPT	.tcl	NO					TLMTool_2.1.2/TLMTool.dist/tk/xmfbox.tcl
cd2f60075064dfc2e65c88b239a970cb4bd07cb3eec7cc26fb1bf978d4356b08	1541872	DLL	PE_DLL_x64	.dll	YES	x64	YES	6	.text,.rdata,.data,.pdata,.rsrc,.reloc	TLMTool_2.1.2/TLMTool.dist/tk86t.dll
15c8044f215680d6851c8f901a5dc7d181068d91a8938f2a628077cf21a2df22	47450112	EXE	PE_EXECUTABLE_x64	.exe	YES	x64	NO	11	.text,.data,.rdata,.eh_fram,.pdata,.xdata,.bss,.idata,.tls,.rsrc,.reloc	TLMTool_2.1.2/TLMTool.dist/TLMTool.exe
69fd4df057985c40e510e2fac182881c7f85e90aa13ec703f763a8fdb2ce61f8	1906688	DLL	PE_DLL_x64	.dll	YES	x64	YES	6	.text,.rdata,.data,.pdata,.rsrc,.reloc	TLMTool_2.1.2/TLMTool.dist/tools/7z.dll
83967f1b02b43c4efeda302795722c809e0e81b8307de73558d10484d5676a7d	576000	EXE	PE_EXECUTABLE_x64	.exe	YES	x64	NO	6	.text,.rdata,.data,.pdata,.rsrc,.reloc	TLMTool_2.1.2/TLMTool.dist/tools/7z.exe
1fb2d66c056f69e8bbdd8c6c910e72697874dae680264f8fb4b4df19af98aa2e	1123608	PYD	PYTHON_EXTENSION_x64	.pyd	YES	x64	YES	6	.text,.rdata,.data,.pdata,.rsrc,.reloc	TLMTool_2.1.2/TLMTool.dist/unicodedata.pyd
71811fc915765cfdf0ac8a1b140753fc4d38d3e9050c33986cd8058b852471f0	1411584	EXE	PE_EXECUTABLE_x64	.exe	YES	x64	NO	7	.text,.rdata,.data,.pdata,text,data,.rsrc	TLMTool_2.1.2/TLMTool.dist/update.exe
9d2b40f0395cc5d1b4d5ea17b84970c29971d448c37104676db577586d4ad1b1	98224	DLL	PE_DLL_x64	.dll	YES	x64	YES	7	.text,.rdata,.data,.pdata,_RDATA,.rsrc,.reloc	TLMTool_2.1.2/TLMTool.dist/vcruntime140.dll
34048abaa070ecc13b318cea31425f4ca3edd133d350318ac65259e6058c8b32	37256	DLL	PE_DLL_x64	.dll	YES	x64	YES	6	.text,.rdata,.data,.pdata,.rsrc,.reloc	TLMTool_2.1.2/TLMTool.dist/vcruntime140_1.dll
82432686f47ff4b9b7191221e0479f4f0e51624a2b97ac1e193d6a2564eaefeb	61375	DATA	PE_DLL_x64_DATA_NAMED	.dat	YES	x64	YES	9	.text,.data,.rdata,.pdata,.xdata,.bss,.edata,.idata,.reloc	TLMTool_2.1.2/TLMTool.dist/version.dat
24040005bb9c9407f539aaa085e1495d047788ed1e6c51d163ebe0277e582563	137728	PYD	PYTHON_EXTENSION_x64	.pyd	YES	x64	YES	6	.text,.rdata,.data,.pdata,.rsrc,.reloc	TLMTool_2.1.2/TLMTool.dist/win32api.pyd
48a99060c122d60cbaee4b5841c15177a5d9e07a287582f2afebd424045bd9f4	219136	PYD	PYTHON_EXTENSION_x64	.pyd	YES	x64	YES	6	.text,.rdata,.data,.pdata,.rsrc,.reloc	TLMTool_2.1.2/TLMTool.dist/win32gui.pyd
ebf783b328fd7c15bb983dcb9e70a7238b090dac17775e12f36df78dba7b275d	52736	PYD	PYTHON_EXTENSION_x64	.pyd	YES	x64	YES	6	.text,.rdata,.data,.pdata,.rsrc,.reloc	TLMTool_2.1.2/TLMTool.dist/win32process.pyd
87deb1d7cc56a0a48707f55362b50a34dac2aba6e6344dc1eac74398ad06d790	1122304	PYD	PYTHON_EXTENSION_x64	.pyd	YES	x64	YES	6	.text,.rdata,.data,.pdata,.rsrc,.reloc	TLMTool_2.1.2/TLMTool.dist/win32ui.pyd
49feb53c149801b6737912625319bf77952e30ed0a2bc76a03719192d9d43c6b	1402880	EXE	PE_EXECUTABLE_x64	.exe	YES	x64	NO	7	.text,.rdata,.data,.pdata,text,data,.rsrc	TLMTool_2.1.2/TLMTool.exe
